date_time,gold_price,ptt_price,pttep_price,top_price,usDollar_price
2015-01-05,1353.5,31.5,107.0,42.75,91.38
2015-01-06,1362.2,32.3,107.0,43.0,91.5
2015-01-07,1353.6,33.4,106.5,44.25,91.89
2015-01-08,1351.6,34.0,110.0,45.75,92.37
2015-01-09,1357.4,33.8,112.5,46.0,91.94
2015-01-10,1357.4,33.8,112.5,46.0,91.94
2015-01-11,1357.4,33.8,112.5,46.0,91.94
2015-01-12,1373.2,33.3,110.5,45.0,91.98
2015-01-13,1374.5,32.8,107.5,45.0,92.31
2015-01-14,1364.5,32.2,106.0,44.5,92.16
2015-01-15,1264.8,31.9,106.5,45.0,92.35
2015-01-16,1276.9,32.2,104.0,44.25,92.52
2015-01-17,1276.9,32.2,104.0,44.25,92.52
2015-01-18,1279.0,32.2,104.0,44.25,92.52
2015-01-19,1275.9,33.3,105.5,45.25,92.52
2015-01-20,1294.2,33.5,104.5,44.75,93.05
2015-01-21,1293.7,33.0,104.5,45.0,92.9
2015-01-22,1300.7,34.1,109.5,48.25,94.08
2015-01-23,1292.6,34.8,113.5,49.75,94.76
2015-01-24,1292.6,34.8,113.5,49.75,94.76
2015-01-25,1292.6,34.8,113.5,49.75,94.76
2015-01-26,1279.4,34.5,111.5,49.0,94.8
2015-01-27,1291.7,35.0,112.0,48.5,94.02
2015-01-28,1285.9,34.9,111.0,49.25,94.47
2015-01-29,1255.3,35.0,113.0,50.5,94.78
2015-01-30,1278.9,34.6,109.0,51.25,94.8
2015-01-31,1278.9,34.6,109.0,51.25,94.8
2015-02-01,1278.9,34.6,109.0,51.25,94.8
2015-02-02,1276.5,35.5,112.5,52.0,94.5
2015-02-03,1260.0,37.0,120.5,52.75,93.6
2015-02-04,1264.1,37.8,121.0,51.25,93.99
2015-02-05,1262.2,37.4,118.5,50.25,93.57
2015-02-06,1234.1,37.7,120.0,52.0,95.85
2015-02-07,1234.1,37.7,120.0,52.0,95.85
2015-02-08,1234.1,37.7,120.0,52.0,95.85
2015-02-09,1241.0,36.6,119.0,51.75,94.45
2015-02-10,1231.7,36.1,115.5,52.0,94.76
2015-02-11,1219.0,35.7,116.0,52.0,94.98
2015-02-12,1220.1,35.9,116.0,51.75,94.09
2015-02-13,1226.5,36.9,118.5,52.75,94.2
2015-02-14,1226.5,36.9,118.5,52.75,94.2
2015-02-15,1228.8,36.9,118.5,52.75,94.2
2015-02-16,1231.7,36.2,116.5,53.0,94.2
2015-02-17,1208.1,35.4,115.5,52.5,94.06
2015-02-18,1199.8,35.6,115.5,52.75,94.2
2015-02-19,1207.2,34.5,113.5,51.75,94.4
2015-02-20,1204.4,34.5,113.5,52.0,94.34
2015-02-21,1204.4,34.5,113.5,52.0,94.34
2015-02-22,1204.4,34.5,113.5,52.0,94.34
2015-02-23,1200.2,33.8,112.5,51.5,94.57
2015-02-24,1196.8,34.1,112.0,51.5,94.49
2015-02-25,1201.0,33.8,113.0,51.25,94.21
2015-02-26,1210.1,34.5,115.5,51.75,95.29
2015-02-27,1213.1,34.3,113.0,52.5,95.32
2015-02-28,1213.1,34.3,113.0,52.5,95.32
2015-03-01,1213.1,34.3,113.0,52.5,95.32
2015-03-02,1208.2,35.0,114.5,54.0,95.46
2015-03-03,1204.4,34.0,111.0,53.75,95.38
2015-03-04,1200.9,34.0,111.0,53.75,95.97
2015-03-05,1196.2,33.2,111.5,54.5,96.38
2015-03-06,1164.3,32.9,114.0,56.75,97.61
2015-03-07,1164.3,32.9,114.0,56.75,97.61
2015-03-08,1164.3,32.9,114.0,56.75,97.61
2015-03-09,1166.5,33.2,111.5,55.0,97.59
2015-03-10,1160.1,33.0,106.0,52.5,98.62
2015-03-11,1150.6,33.0,108.5,53.5,99.8
2015-03-12,1151.9,32.7,109.0,52.25,99.44
2015-03-13,1152.4,32.4,107.0,52.5,100.33
2015-03-14,1152.4,32.4,107.0,52.5,100.33
2015-03-15,1152.4,32.4,107.0,52.5,100.33
2015-03-16,1153.2,31.7,103.0,51.25,99.6
2015-03-17,1148.2,31.9,103.0,52.5,99.58
2015-03-18,1151.3,32.6,106.5,54.5,98.55
2015-03-19,1169.0,32.7,107.5,53.25,99.26
2015-03-20,1184.6,32.2,106.5,53.25,97.91
2015-03-21,1184.6,32.2,106.5,53.25,97.91
2015-03-22,1184.6,32.2,106.5,53.25,97.91
2015-03-23,1187.7,32.6,106.0,52.0,97.03
2015-03-24,1191.4,33.1,107.0,52.0,97.19
2015-03-25,1197.0,32.5,106.0,51.25,96.98
2015-03-26,1204.8,32.6,111.5,51.25,97.44
2015-03-27,1199.8,32.5,109.5,51.5,97.29
2015-03-28,1199.8,32.5,109.5,51.5,97.29
2015-03-29,1199.8,32.5,109.5,51.5,97.29
2015-03-30,1185.0,32.1,108.0,52.0,97.97
2015-03-31,1183.0,32.3,109.0,52.0,98.36
2015-04-01,1208.0,32.4,112.0,51.75,98.19
2015-04-02,1200.8,32.8,113.5,54.0,97.44
2015-04-03,1200.8,33.0,113.5,53.75,96.55
2015-04-04,1200.8,33.0,113.5,53.75,96.55
2015-04-05,1200.8,33.0,113.5,53.75,96.55
2015-04-06,1218.5,33.0,113.5,53.75,96.78
2015-04-07,1210.5,34.1,116.0,56.0,97.83
2015-04-08,1203.0,34.0,116.0,54.75,97.94
2015-04-09,1193.5,33.2,114.5,55.0,99.16
2015-04-10,1204.4,33.4,114.0,54.5,99.34
2015-04-11,1204.4,33.4,114.0,54.5,99.34
2015-04-12,1204.4,33.4,114.0,54.5,99.34
2015-04-13,1199.1,33.4,114.0,54.5,99.49
2015-04-14,1192.5,33.4,114.0,54.5,98.73
2015-04-15,1201.2,33.4,114.0,54.5,98.32
2015-04-16,1197.8,35.5,122.0,58.5,97.42
2015-04-17,1202.7,36.1,122.0,58.75,97.52
2015-04-18,1202.7,36.1,122.0,58.75,97.52
2015-04-19,1202.7,36.1,122.0,58.75,97.52
2015-04-20,1193.3,35.2,120.0,57.0,97.94
2015-04-21,1202.7,35.4,121.5,57.0,98.0
2015-04-22,1186.5,34.6,118.0,56.75,97.93
2015-04-23,1194.0,34.5,119.0,55.25,97.28
2015-04-24,1174.8,35.6,121.5,56.0,96.92
2015-04-25,1174.8,35.6,121.5,56.0,96.92
2015-04-26,1174.8,35.6,121.5,56.0,96.92
2015-04-27,1202.9,36.2,120.0,55.25,96.77
2015-04-28,1213.6,36.2,119.0,55.75,96.09
2015-04-29,1210.0,35.3,115.0,57.0,95.21
2015-04-30,1182.4,35.6,117.0,58.5,94.6
2015-05-01,1174.5,35.6,117.0,58.5,95.3
2015-05-02,1174.5,35.6,117.0,58.5,95.3
2015-05-03,1174.5,35.6,117.0,58.5,95.3
2015-05-04,1186.8,35.6,117.0,58.5,95.48
2015-05-05,1193.2,35.6,117.0,58.5,95.08
2015-05-06,1190.3,36.2,120.0,58.75,94.09
2015-05-07,1182.2,35.9,120.0,55.25,94.64
2015-05-08,1188.9,35.9,118.0,56.25,94.79
2015-05-09,1188.9,35.9,118.0,56.25,94.79
2015-05-10,1188.9,35.9,118.0,56.25,94.79
2015-05-11,1183.0,35.4,117.0,54.75,95.01
2015-05-12,1192.4,34.5,115.5,52.5,94.53
2015-05-13,1218.2,35.4,118.5,52.0,93.62
2015-05-14,1225.2,35.2,116.5,51.75,93.46
2015-05-15,1225.3,36.1,117.0,52.0,93.14
2015-05-16,1225.3,36.1,117.0,52.0,93.14
2015-05-17,1225.3,36.1,117.0,52.0,93.14
2015-05-18,1227.6,36.0,116.5,52.25,94.22
2015-05-19,1206.7,36.8,115.5,54.25,95.27
2015-05-20,1208.7,36.1,113.5,52.75,95.45
2015-05-21,1204.1,36.5,113.5,53.5,95.25
2015-05-22,1204.0,36.1,113.5,54.0,96.11
2015-05-23,1204.0,36.1,113.5,54.0,96.11
2015-05-24,1204.4,36.1,113.5,54.0,96.11
2015-05-25,1207.4,36.1,112.0,52.25,96.01
2015-05-26,1186.9,36.0,110.5,52.75,97.3
2015-05-27,1185.6,35.5,110.5,52.75,97.37
2015-05-28,1188.4,35.0,108.5,52.5,96.97
2015-05-29,1189.6,34.7,108.0,53.5,96.91
2015-05-30,1189.6,34.7,108.0,53.5,96.91
2015-05-31,1189.6,34.7,108.0,53.5,96.91
2015-06-01,1188.4,34.7,108.0,53.5,97.39
2015-06-02,1194.1,34.2,106.0,52.75,95.83
2015-06-03,1184.6,34.0,107.5,53.0,95.47
2015-06-04,1174.9,33.7,107.0,53.75,95.46
2015-06-05,1167.8,34.6,107.0,53.5,96.31
2015-06-06,1167.8,34.6,107.0,53.5,96.31
2015-06-07,1167.8,34.6,107.0,53.5,96.31
2015-06-08,1173.3,34.4,108.0,53.25,95.3
2015-06-09,1177.3,33.7,106.5,52.25,95.17
2015-06-10,1186.1,34.4,111.0,53.0,94.65
2015-06-11,1179.9,34.3,112.0,53.0,94.98
2015-06-12,1178.8,33.9,109.5,52.75,94.97
2015-06-13,1178.8,33.9,109.5,52.75,94.97
2015-06-14,1178.8,33.9,109.5,52.75,94.97
2015-06-15,1185.3,34.0,111.0,52.5,94.81
2015-06-16,1180.5,34.6,110.5,53.0,95.0
2015-06-17,1176.4,35.5,111.5,52.75,94.3
2015-06-18,1201.5,35.5,109.0,52.75,94.04
2015-06-19,1201.5,35.4,108.0,52.75,94.08
2015-06-20,1201.5,35.4,108.0,52.75,94.08
2015-06-21,1201.5,35.4,108.0,52.75,94.08
2015-06-22,1183.7,35.6,111.0,54.0,94.33
2015-06-23,1176.2,35.7,110.0,54.25,95.43
2015-06-24,1172.6,36.2,113.5,56.5,95.26
2015-06-25,1171.5,36.7,114.0,56.5,95.19
2015-06-26,1172.9,36.4,112.0,56.0,95.47
2015-06-27,1172.9,36.4,112.0,56.0,95.47
2015-06-28,1172.9,36.4,112.0,56.0,95.47
2015-06-29,1179.0,36.3,111.0,55.25,94.79
2015-06-30,1171.8,35.9,109.0,55.0,95.48
2015-07-01,1169.3,35.9,109.0,55.0,96.31
2015-07-02,1163.5,35.6,107.0,55.0,96.11
2015-07-03,1167.8,35.4,107.5,54.75,96.11
2015-07-04,1167.8,35.4,107.5,54.75,96.11
2015-07-05,1167.8,35.4,107.5,54.75,96.11
2015-07-06,1173.2,34.7,106.5,53.75,96.3
2015-07-07,1152.6,34.9,107.0,54.25,96.86
2015-07-08,1163.5,34.0,103.0,52.75,96.29
2015-07-09,1159.2,33.8,101.0,54.25,96.61
2015-07-10,1157.9,34.1,102.0,54.5,96.03
2015-07-11,1157.9,34.1,102.0,54.5,96.03
2015-07-12,1157.9,34.1,102.0,54.5,96.03
2015-07-13,1155.4,33.8,101.5,54.5,96.86
2015-07-14,1153.5,33.8,100.0,54.25,96.64
2015-07-15,1147.4,33.8,100.5,54.25,97.17
2015-07-16,1143.9,33.9,98.25,54.75,97.67
2015-07-17,1131.9,33.4,96.25,54.25,97.86
2015-07-18,1131.9,33.4,96.25,54.25,97.86
2015-07-19,1131.9,33.4,96.25,54.25,97.86
2015-07-20,1106.8,33.0,96.0,54.0,98.03
2015-07-21,1103.5,32.2,95.25,53.25,97.33
2015-07-22,1091.5,31.4,92.0,53.0,97.6
2015-07-23,1094.1,31.9,91.75,52.5,97.11
2015-07-24,1085.5,31.7,90.0,52.0,97.24
2015-07-25,1085.5,31.7,90.0,52.0,97.24
2015-07-26,1085.5,31.7,90.0,52.0,97.24
2015-07-27,1096.4,31.4,87.5,50.0,96.5
2015-07-28,1096.2,31.4,89.25,49.0,96.77
2015-07-29,1092.6,31.7,90.75,47.25,96.98
2015-07-30,1088.4,31.7,90.75,47.25,97.56
2015-07-31,1094.8,32.6,93.5,48.25,97.34
2015-08-01,1094.8,32.6,93.5,48.25,97.34
2015-08-02,1094.8,32.6,93.5,48.25,97.34
2015-08-03,1089.2,32.7,91.0,48.75,97.49
2015-08-04,1090.5,31.8,88.75,48.25,97.93
2015-08-05,1085.3,31.9,90.0,48.5,97.96
2015-08-06,1089.8,31.6,88.75,48.5,97.83
2015-08-07,1093.8,31.5,87.0,48.5,97.56
2015-08-08,1093.8,31.5,87.0,48.5,97.56
2015-08-09,1093.8,31.5,87.0,48.5,97.56
2015-08-10,1104.2,31.3,83.5,47.5,97.16
2015-08-11,1107.8,30.8,81.0,47.25,97.29
2015-08-12,1123.2,30.8,81.0,47.25,96.26
2015-08-13,1115.2,30.0,83.0,47.5,96.44
2015-08-14,1112.4,30.2,83.75,48.5,96.52
2015-08-15,1112.4,30.2,83.75,48.5,96.52
2015-08-16,1112.4,30.2,83.75,48.5,96.52
2015-08-17,1118.1,29.7,81.0,49.5,96.81
2015-08-18,1116.4,28.0,80.0,48.25,97.04
2015-08-19,1127.1,27.3,81.25,49.5,96.36
2015-08-20,1152.2,25.8,77.25,49.0,95.98
2015-08-21,1158.6,26.5,76.25,48.0,95.01
2015-08-22,1158.6,26.5,76.25,48.0,95.01
2015-08-23,1158.6,26.5,76.25,48.0,95.01
2015-08-24,1152.5,24.0,69.5,44.75,93.33
2015-08-25,1137.2,25.2,71.75,47.25,94.53
2015-08-26,1124.7,24.9,68.5,47.75,95.1
2015-08-27,1122.4,25.9,75.0,49.0,95.61
2015-08-28,1133.5,26.9,81.0,50.25,96.11
2015-08-29,1133.5,26.9,81.0,50.25,96.11
2015-08-30,1133.5,26.9,81.0,50.25,96.11
2015-08-31,1132.0,26.8,79.5,51.5,95.82
2015-09-01,1139.3,26.4,75.5,49.25,95.45
2015-09-02,1133.1,26.6,74.0,49.25,95.83
2015-09-03,1124.0,26.4,73.5,49.5,96.41
2015-09-04,1120.9,26.0,73.5,49.0,96.23
2015-09-05,1120.9,26.0,73.5,49.0,96.23
2015-09-06,1119.9,26.0,73.5,49.0,96.23
2015-09-07,1119.9,26.0,76.0,49.0,96.23
2015-09-08,1120.7,26.0,76.25,48.75,95.98
2015-09-09,1102.0,26.3,77.75,51.25,96.01
2015-09-10,1109.3,25.6,76.75,52.0,95.46
2015-09-11,1103.3,25.1,74.75,52.75,95.19
2015-09-12,1103.3,25.1,74.75,52.75,95.19
2015-09-13,1103.3,25.1,74.75,52.75,95.19
2015-09-14,1107.5,24.6,73.0,52.25,95.25
2015-09-15,1102.6,24.7,71.5,51.0,95.61
2015-09-16,1119.0,25.0,72.25,52.25,95.42
2015-09-17,1117.1,25.5,73.75,52.5,94.55
2015-09-18,1138.1,25.3,72.75,53.5,94.86
2015-09-19,1138.1,25.3,72.75,53.5,94.86
2015-09-20,1138.1,25.3,72.75,53.5,94.86
2015-09-21,1133.1,25.6,74.0,51.5,95.89
2015-09-22,1125.0,25.0,72.25,52.0,96.28
2015-09-23,1131.6,25.2,72.5,52.5,96.07
2015-09-24,1153.8,24.7,72.75,53.0,96.69
2015-09-25,1145.7,25.0,73.75,52.75,96.27
2015-09-26,1145.7,25.0,73.75,52.75,96.27
2015-09-27,1145.7,25.0,73.75,52.75,96.27
2015-09-28,1131.7,24.5,71.5,52.25,96.03
2015-09-29,1127.1,24.3,70.5,51.5,95.86
2015-09-30,1115.5,24.0,70.0,52.75,96.35
2015-10-01,1114.0,24.1,70.0,53.25,96.19
2015-10-02,1136.7,24.6,70.25,52.25,95.83
2015-10-03,1136.7,24.6,70.25,52.25,95.83
2015-10-04,1136.7,24.6,70.25,52.25,95.83
2015-10-05,1137.7,25.3,71.5,55.5,96.11
2015-10-06,1146.4,25.3,69.75,56.0,95.45
2015-10-07,1148.6,26.8,76.75,57.25,95.5
2015-10-08,1144.2,26.6,74.75,56.0,95.32
2015-10-09,1155.8,27.2,76.75,56.25,94.81
2015-10-10,1155.8,27.2,76.75,56.25,94.81
2015-10-11,1155.8,27.2,76.75,56.25,94.81
2015-10-12,1164.4,27.0,75.75,55.5,94.84
2015-10-13,1165.3,26.5,73.25,55.0,94.76
2015-10-14,1179.6,26.2,73.5,54.5,93.93
2015-10-15,1187.3,26.5,74.5,54.75,94.37
2015-10-16,1182.9,26.6,75.0,55.75,94.54
2015-10-17,1182.9,26.6,75.0,55.75,94.54
2015-10-18,1182.9,26.6,75.0,55.75,94.54
2015-10-19,1172.5,26.7,73.25,57.0,94.93
2015-10-20,1177.2,27.0,71.75,56.5,94.91
2015-10-21,1166.8,26.9,73.25,56.5,95.03
2015-10-22,1165.8,26.9,72.75,55.75,96.38
2015-10-23,1162.5,26.9,72.75,55.75,97.13
2015-10-24,1162.5,26.9,72.75,55.75,97.13
2015-10-25,1162.5,26.9,72.75,55.75,97.13
2015-10-26,1165.9,28.1,75.0,56.75,96.86
2015-10-27,1165.4,28.5,74.25,56.0,96.91
2015-10-28,1175.7,28.3,73.75,55.25,97.78
2015-10-29,1147.3,28.2,73.0,54.25,97.28
2015-10-30,1141.4,27.5,73.0,54.25,96.95
2015-10-31,1141.4,27.5,73.0,54.25,96.95
2015-11-01,1141.4,27.5,73.0,54.25,96.95
2015-11-02,1135.9,28.6,75.0,56.0,96.93
2015-11-03,1114.1,28.7,75.25,55.75,97.16
2015-11-04,1106.2,29.9,76.75,55.75,97.95
2015-11-05,1104.2,29.4,75.0,55.0,97.94
2015-11-06,1087.7,29.6,74.75,56.0,99.17
2015-11-07,1087.7,29.6,74.75,56.0,99.17
2015-11-08,1087.7,29.6,74.75,56.0,99.17
2015-11-09,1088.1,28.6,74.0,54.75,98.98
2015-11-10,1088.5,27.8,73.25,55.25,99.29
2015-11-11,1084.9,27.8,72.75,56.75,99.01
2015-11-12,1081.0,28.3,73.0,58.25,98.65
2015-11-13,1080.9,27.6,72.5,59.75,99.0
2015-11-14,1080.9,27.6,72.5,59.75,99.0
2015-11-15,1080.9,27.6,72.5,59.75,99.0
2015-11-16,1083.6,27.4,72.25,61.25,99.44
2015-11-17,1068.6,27.1,71.5,61.5,99.63
2015-11-18,1068.7,26.3,70.75,61.75,99.65
2015-11-19,1077.9,26.9,70.75,62.5,98.99
2015-11-20,1076.3,27.5,72.0,62.25,99.56
2015-11-21,1076.3,27.5,72.0,62.25,99.56
2015-11-22,1076.3,27.5,72.0,62.25,99.56
2015-11-23,1066.8,27.1,70.75,61.0,99.8
2015-11-24,1073.8,26.9,70.25,61.0,99.53
2015-11-25,1070.0,27.0,70.75,61.25,99.8
2015-11-26,1070.8,26.8,69.0,58.75,99.8
2015-11-27,1056.1,26.5,68.0,61.0,100.02
2015-11-28,1056.1,26.5,68.0,61.0,100.02
2015-11-29,1056.1,26.5,68.0,61.0,100.02
2015-11-30,1065.4,25.6,65.25,58.5,100.17
2015-12-01,1063.6,25.3,62.25,60.0,99.8
2015-12-02,1053.9,25.0,62.0,59.75,99.99
2015-12-03,1061.3,25.7,62.75,59.75,97.62
2015-12-04,1084.0,25.2,61.75,59.0,98.35
2015-12-05,1084.0,25.2,61.75,59.0,98.35
2015-12-06,1084.0,25.2,61.75,59.0,98.35
2015-12-07,1075.4,25.2,61.75,59.0,98.66
2015-12-08,1075.5,24.1,57.75,57.25,98.47
2015-12-09,1076.8,23.2,55.0,58.0,97.34
2015-12-10,1072.3,23.2,55.0,58.0,97.94
2015-12-11,1076.0,22.0,56.0,58.5,97.56
2015-12-12,1076.0,22.0,56.0,58.5,97.56
2015-12-13,1076.0,22.0,56.0,58.5,97.56
2015-12-14,1063.7,22.4,58.0,57.25,97.6
2015-12-15,1061.8,23.4,57.5,60.0,98.22
2015-12-16,1076.9,24.0,59.25,61.75,97.87
2015-12-17,1049.7,24.2,60.5,60.75,99.27
2015-12-18,1065.0,22.5,57.25,60.5,98.7
2015-12-19,1065.0,22.5,57.25,60.5,98.7
2015-12-20,1065.0,22.5,57.25,60.5,98.7
2015-12-21,1080.6,23.2,57.75,61.25,98.36
2015-12-22,1074.1,24.0,59.0,63.0,98.23
2015-12-23,1068.3,24.8,59.25,64.75,98.34
2015-12-24,1076.1,25.0,61.5,64.0,97.98
2015-12-25,1076.1,24.8,59.75,63.5,97.98
2015-12-26,1076.1,24.8,59.75,63.5,97.98
2015-12-27,1076.1,24.8,59.75,63.5,97.98
2015-12-28,1068.9,24.7,58.5,64.5,97.92
2015-12-29,1068.3,23.7,57.75,64.25,98.1
2015-12-30,1059.8,24.4,57.25,66.0,98.27
2015-12-31,1060.2,24.4,57.25,66.0,98.63
2016-01-01,1060.2,24.4,57.25,66.0,98.63
2016-01-02,1060.2,24.4,57.25,66.0,98.63
2016-01-03,1060.2,24.4,57.25,66.0,98.63
2016-01-04,1075.2,23.8,55.75,62.75,98.87
2016-01-05,1078.4,22.7,54.0,64.75,99.4
2016-01-06,1091.9,22.8,54.0,65.0,99.18
2016-01-07,1107.8,20.9,48.75,62.75,98.22
2016-01-08,1097.9,21.5,50.25,64.0,98.54
2016-01-09,1097.9,21.5,50.25,64.0,98.54
2016-01-10,1097.9,21.5,50.25,64.0,98.54
2016-01-11,1096.2,21.1,48.75,64.75,98.72
2016-01-12,1085.2,21.4,48.5,65.0,98.97
2016-01-13,1087.1,22.7,50.75,66.0,98.93
2016-01-14,1073.6,21.9,47.5,66.5,99.09
2016-01-15,1090.7,20.6,44.25,67.25,98.96
2016-01-16,1090.7,20.6,44.25,67.25,98.96
2016-01-17,1090.3,20.6,44.25,67.25,98.96
2016-01-18,1088.5,19.8,42.5,66.25,98.96
2016-01-19,1089.1,21.1,45.25,65.25,98.99
2016-01-20,1106.2,20.0,43.0,64.75,99.09
2016-01-21,1098.2,20.4,42.75,64.5,99.06
2016-01-22,1096.3,21.8,48.25,66.25,99.57
2016-01-23,1096.3,21.8,48.25,66.25,99.57
2016-01-24,1096.3,21.8,48.25,66.25,99.57
2016-01-25,1105.3,22.2,50.5,65.25,99.36
2016-01-26,1120.2,21.9,50.25,65.25,99.36
2016-01-27,1115.8,22.2,51.75,67.0,98.9
2016-01-28,1115.6,23.5,56.75,64.0,98.51
2016-01-29,1116.5,23.6,57.0,64.25,99.61
2016-01-30,1116.5,23.6,57.0,64.25,99.61
2016-01-31,1116.5,23.6,57.0,64.25,99.61
2016-02-01,1128.0,24.0,57.0,64.5,99.01
2016-02-02,1127.2,23.2,54.75,63.25,98.87
2016-02-03,1141.2,23.4,56.75,64.75,97.29
2016-02-04,1157.2,23.8,58.0,64.75,96.47
2016-02-05,1157.4,24.2,59.5,64.75,97.03
2016-02-06,1157.4,24.2,59.5,64.75,97.03
2016-02-07,1157.4,24.2,59.5,64.75,97.03
2016-02-08,1197.6,24.0,58.75,64.5,96.57
2016-02-09,1198.4,24.1,58.75,64.25,96.07
2016-02-10,1194.3,23.6,57.75,63.25,95.89
2016-02-11,1247.5,22.8,54.0,60.25,95.56
2016-02-12,1239.0,23.0,55.5,58.0,95.94
2016-02-13,1239.0,23.0,55.5,58.0,95.94
2016-02-14,1233.6,23.0,55.5,58.0,95.94
2016-02-15,1208.1,23.5,58.0,59.0,95.98
2016-02-16,1207.7,23.8,61.0,60.75,96.87
2016-02-17,1210.9,24.3,64.75,62.5,96.79
2016-02-18,1225.8,25.0,66.5,63.75,96.95
2016-02-19,1230.3,25.8,72.0,63.5,96.6
2016-02-20,1230.3,25.8,72.0,63.5,96.6
2016-02-21,1230.3,25.8,72.0,63.5,96.6
2016-02-22,1209.7,25.8,72.0,63.5,97.38
2016-02-23,1222.2,26.2,69.0,64.0,97.48
2016-02-24,1238.7,25.8,66.5,62.5,97.46
2016-02-25,1238.2,26.1,67.5,63.5,97.29
2016-02-26,1220.4,26.4,67.25,64.25,98.15
2016-02-27,1220.4,26.4,67.25,64.25,98.15
2016-02-28,1220.4,26.4,67.25,64.25,98.15
2016-02-29,1234.4,26.0,67.75,63.5,98.21
2016-03-01,1230.8,26.8,71.75,65.75,98.35
2016-03-02,1241.8,27.3,73.5,65.5,98.21
2016-03-03,1258.2,27.2,74.25,66.25,97.59
2016-03-04,1270.7,27.7,72.5,64.75,97.34
2016-03-05,1270.7,27.7,72.5,64.75,97.34
2016-03-06,1270.7,27.7,72.5,64.75,97.34
2016-03-07,1264.0,28.6,78.0,68.0,97.07
2016-03-08,1262.9,28.1,77.75,67.0,97.21
2016-03-09,1257.4,28.1,77.75,68.0,97.17
2016-03-10,1272.8,27.5,75.0,68.25,96.07
2016-03-11,1259.4,28.1,76.5,67.75,96.17
2016-03-12,1259.4,28.1,76.5,67.75,96.17
2016-03-13,1259.4,28.1,76.5,67.75,96.17
2016-03-14,1245.1,27.6,73.25,67.75,96.62
2016-03-15,1231.0,27.0,69.75,67.0,96.63
2016-03-16,1229.8,27.1,72.25,67.25,95.89
2016-03-17,1265.0,27.8,71.75,69.5,94.76
2016-03-18,1254.3,28.2,69.5,70.0,95.09
2016-03-19,1254.3,28.2,69.5,70.0,95.09
2016-03-20,1254.3,28.2,69.5,70.0,95.09
2016-03-21,1244.2,28.7,68.75,69.25,95.29
2016-03-22,1248.6,28.8,68.75,68.75,95.65
2016-03-23,1224.0,29.1,69.0,69.0,96.05
2016-03-24,1221.6,28.5,66.25,67.5,96.14
2016-03-25,1216.7,28.3,67.25,66.75,96.14
2016-03-26,1216.7,28.3,67.25,66.75,96.14
2016-03-27,1216.7,28.3,67.25,66.75,96.14
2016-03-28,1220.1,28.4,67.75,67.25,95.94
2016-03-29,1235.8,28.4,68.0,68.5,95.16
2016-03-30,1227.8,28.7,70.75,69.0,94.84
2016-03-31,1234.9,28.0,70.25,69.25,94.59
2016-04-01,1222.8,27.8,69.75,69.25,94.62
2016-04-02,1222.8,27.8,69.75,69.25,94.62
2016-04-03,1222.8,27.8,69.75,69.25,94.62
2016-04-04,1218.6,28.0,68.25,69.25,94.51
2016-04-05,1228.9,27.5,66.5,67.5,94.63
2016-04-06,1223.0,27.5,66.5,67.5,94.43
2016-04-07,1236.7,27.2,68.0,68.75,94.48
2016-04-08,1243.1,28.0,68.75,69.25,94.23
2016-04-09,1243.1,28.0,68.75,69.25,94.23
2016-04-10,1243.1,28.0,68.75,69.25,94.23
2016-04-11,1257.3,28.4,69.5,69.25,93.95
2016-04-12,1260.1,28.6,69.75,70.0,93.96
2016-04-13,1247.5,28.6,69.75,70.0,94.74
2016-04-14,1225.7,28.6,69.75,70.0,94.9
2016-04-15,1233.7,28.6,69.75,70.0,94.7
2016-04-16,1233.7,28.6,69.75,70.0,94.7
2016-04-17,1233.7,28.6,69.75,70.0,94.7
2016-04-18,1234.0,28.8,68.5,72.0,94.49
2016-04-19,1253.3,29.8,71.5,68.5,93.98
2016-04-20,1253.4,30.3,71.25,67.25,94.49
2016-04-21,1249.3,31.3,75.0,67.25,94.6
2016-04-22,1229.1,31.0,74.0,66.5,95.12
2016-04-23,1229.1,31.0,74.0,66.5,95.12
2016-04-24,1229.1,31.0,74.0,66.5,95.12
2016-04-25,1239.4,30.3,73.25,66.0,94.84
2016-04-26,1242.6,30.2,74.5,67.0,94.57
2016-04-27,1249.6,30.3,75.5,66.0,94.39
2016-04-28,1266.4,30.3,74.5,65.0,93.76
2016-04-29,1290.5,30.4,75.25,66.0,93.08
2016-04-30,1290.5,30.4,75.25,66.0,93.08
2016-05-01,1290.5,30.4,75.25,66.0,93.08
2016-05-02,1295.8,30.4,75.25,66.0,92.63
2016-05-03,1291.8,29.7,74.0,66.25,92.94
2016-05-04,1274.4,29.3,70.75,63.75,93.18
2016-05-05,1272.3,29.3,70.75,63.75,93.78
2016-05-06,1294.0,29.3,70.75,63.75,93.89
2016-05-07,1294.0,29.3,70.75,63.75,93.89
2016-05-08,1294.0,29.3,70.75,63.75,93.89
2016-05-09,1266.6,29.9,73.75,62.0,94.13
2016-05-10,1264.8,29.4,74.0,63.5,94.29
2016-05-11,1275.5,29.2,72.25,64.25,93.82
2016-05-12,1271.2,30.5,75.75,64.5,94.15
2016-05-13,1272.7,30.0,74.5,67.0,94.61
2016-05-14,1272.7,30.0,74.5,67.0,94.61
2016-05-15,1272.7,30.0,74.5,67.0,94.61
2016-05-16,1274.2,30.7,75.5,67.75,94.57
2016-05-17,1276.9,31.2,78.0,66.75,94.55
2016-05-18,1274.4,31.1,77.5,66.25,95.08
2016-05-19,1254.8,30.3,75.0,62.75,95.29
2016-05-20,1252.9,30.3,75.0,62.75,95.33
2016-05-21,1252.9,30.3,75.0,62.75,95.33
2016-05-22,1252.9,30.3,75.0,62.75,95.33
2016-05-23,1251.5,29.9,75.5,62.75,95.23
2016-05-24,1229.2,29.5,76.0,64.0,95.57
2016-05-25,1223.8,30.0,77.5,63.5,95.35
2016-05-26,1220.4,30.5,79.0,63.25,95.17
2016-05-27,1215.2,30.7,81.25,63.75,95.52
2016-05-28,1215.2,30.7,81.25,63.75,95.52
2016-05-29,1215.2,30.7,81.25,63.75,95.52
2016-05-30,1212.15,31.0,80.25,63.25,95.52
2016-05-31,1216.2,30.1,77.75,63.5,95.89
2016-06-01,1213.4,29.9,77.0,62.75,95.45
2016-06-02,1211.2,30.5,79.0,64.25,95.56
2016-06-03,1241.5,30.6,80.75,66.25,94.03
2016-06-04,1241.5,30.6,80.75,66.25,94.03
2016-06-05,1241.5,30.6,80.75,66.25,94.03
2016-06-06,1245.9,30.8,81.5,65.0,93.9
2016-06-07,1245.5,30.9,82.5,64.0,93.83
2016-06-08,1260.8,31.7,83.25,64.0,93.59
2016-06-09,1271.2,31.9,84.0,64.5,93.95
2016-06-10,1274.4,31.7,82.0,64.0,94.57
2016-06-11,1274.4,31.7,82.0,64.0,94.57
2016-06-12,1274.4,31.7,82.0,64.0,94.57
2016-06-13,1285.4,31.6,81.0,63.25,94.36
2016-06-14,1286.6,31.7,80.75,63.0,94.93
2016-06-15,1286.8,31.9,83.0,63.75,94.61
2016-06-16,1296.8,31.3,80.75,62.0,94.57
2016-06-17,1293.2,31.7,80.0,61.5,94.21
2016-06-18,1293.2,31.7,80.0,61.5,94.21
2016-06-19,1293.2,31.7,80.0,61.5,94.21
2016-06-20,1290.4,31.8,82.25,61.75,93.61
2016-06-21,1270.9,31.9,82.5,59.75,94.02
2016-06-22,1268.4,32.0,83.5,58.5,93.72
2016-06-23,1261.6,32.4,84.0,58.75,93.53
2016-06-24,1319.7,30.8,79.75,57.5,95.45
2016-06-25,1319.7,30.8,79.75,57.5,95.45
2016-06-26,1319.7,30.8,79.75,57.5,95.45
2016-06-27,1322.0,30.9,79.5,58.5,96.54
2016-06-28,1314.9,31.2,81.0,59.75,96.25
2016-06-29,1326.9,31.2,83.0,59.75,95.77
2016-06-30,1320.6,31.3,83.75,60.0,96.14
2016-07-01,1339.0,31.3,83.75,60.0,95.65
2016-07-02,1339.0,31.3,83.75,60.0,95.65
2016-07-03,1345.5,31.3,83.75,60.0,95.65
2016-07-04,1352.0,31.4,84.0,61.25,95.65
2016-07-05,1358.7,31.2,82.5,59.25,96.17
2016-07-06,1367.1,31.0,83.5,59.75,96.05
2016-07-07,1362.1,31.4,83.75,59.5,96.33
2016-07-08,1358.4,31.2,82.0,59.5,96.3
2016-07-09,1358.4,31.2,82.0,59.5,96.3
2016-07-10,1358.4,31.2,82.0,59.5,96.3
2016-07-11,1356.6,30.9,81.75,60.25,96.57
2016-07-12,1335.3,31.3,82.5,60.25,96.44
2016-07-13,1343.6,31.5,82.25,60.75,96.22
2016-07-14,1332.2,32.4,83.0,61.75,96.08
2016-07-15,1327.4,32.7,83.25,63.0,96.58
2016-07-16,1327.4,32.7,83.25,63.0,96.58
2016-07-17,1327.4,32.7,83.25,63.0,96.58
2016-07-18,1329.3,32.7,83.25,63.0,96.56
2016-07-19,1332.3,32.7,83.25,63.0,97.06
2016-07-20,1319.3,33.7,84.25,62.0,97.2
2016-07-21,1331.0,33.6,85.5,61.0,97.0
2016-07-22,1323.4,34.2,84.75,61.5,97.47
2016-07-23,1323.4,34.2,84.75,61.5,97.47
2016-07-24,1323.4,34.2,84.75,61.5,97.47
2016-07-25,1319.5,33.9,84.0,61.25,97.29
2016-07-26,1320.8,32.9,81.75,61.75,97.16
2016-07-27,1326.7,33.0,82.25,61.5,97.05
2016-07-28,1334.6,33.4,83.0,60.75,96.74
2016-07-29,1350.3,33.0,82.5,60.75,95.53
2016-07-30,1350.3,33.0,82.5,60.75,95.53
2016-07-31,1350.3,33.0,82.5,60.75,95.53
2016-08-01,1352.8,32.7,81.75,60.0,95.71
2016-08-02,1365.7,31.9,79.0,60.0,95.06
2016-08-03,1357.0,32.1,78.25,60.0,95.56
2016-08-04,1359.7,33.2,79.5,61.25,95.76
2016-08-05,1337.3,33.5,81.0,61.25,96.19
2016-08-06,1337.3,33.5,81.0,61.25,96.19
2016-08-07,1337.3,33.5,81.0,61.25,96.19
2016-08-08,1334.2,33.7,82.0,62.25,96.4
2016-08-09,1339.9,33.8,82.25,64.75,96.18
2016-08-10,1345.3,33.7,81.25,65.5,95.65
2016-08-11,1343.5,33.8,81.0,65.75,95.86
2016-08-12,1336.8,33.8,81.0,65.75,95.72
2016-08-13,1336.8,33.8,81.0,65.75,95.72
2016-08-14,1336.8,33.8,81.0,65.75,95.72
2016-08-15,1341.3,34.4,82.0,67.0,95.63
2016-08-16,1351.0,34.4,82.5,67.5,94.79
2016-08-17,1343.2,34.2,82.0,67.0,94.72
2016-08-18,1351.2,34.7,82.5,68.25,94.16
2016-08-19,1340.5,34.9,82.0,66.25,94.51
2016-08-20,1340.5,34.9,82.0,66.25,94.51
2016-08-21,1340.5,34.9,82.0,66.25,94.51
2016-08-22,1337.6,35.0,81.75,68.25,94.52
2016-08-23,1340.3,34.5,80.75,67.5,94.54
2016-08-24,1324.3,34.7,81.0,68.0,94.79
2016-08-25,1320.0,34.6,81.0,69.5,94.77
2016-08-26,1321.4,35.1,80.75,69.25,95.57
2016-08-27,1321.4,35.1,80.75,69.25,95.57
2016-08-28,1321.4,35.1,80.75,69.25,95.57
2016-08-29,1322.6,35.2,80.75,69.75,95.58
2016-08-30,1313.0,35.4,81.75,71.5,96.05
2016-08-31,1307.9,34.9,81.25,70.75,96.02
2016-09-01,1313.6,34.5,80.75,71.5,95.65
2016-09-02,1323.2,33.5,79.5,70.75,95.84
2016-09-03,1323.2,33.5,79.5,70.75,95.84
2016-09-04,1326.25,33.5,79.5,70.75,95.84
2016-09-05,1331.1,33.3,79.5,69.5,95.84
2016-09-06,1350.4,33.3,79.5,69.25,94.82
2016-09-07,1345.3,33.3,79.0,69.0,94.96
2016-09-08,1337.8,33.3,78.5,65.25,95.03
2016-09-09,1330.7,32.5,79.25,65.75,95.34
2016-09-10,1330.7,32.5,79.25,65.75,95.34
2016-09-11,1330.7,32.5,79.25,65.75,95.34
2016-09-12,1321.6,31.1,75.25,64.75,95.09
2016-09-13,1319.6,32.3,77.25,67.25,95.63
2016-09-14,1322.0,32.1,76.5,65.75,95.33
2016-09-15,1314.0,31.9,76.5,66.25,95.29
2016-09-16,1306.2,32.6,78.75,66.75,96.11
2016-09-17,1306.2,32.6,78.75,66.75,96.11
2016-09-18,1306.2,32.6,78.75,66.75,96.11
2016-09-19,1313.8,32.9,79.25,69.75,95.84
2016-09-20,1314.0,32.6,78.75,68.5,96.02
2016-09-21,1327.2,33.3,80.25,68.75,95.66
2016-09-22,1340.7,33.7,81.25,69.75,95.45
2016-09-23,1337.5,33.3,80.25,68.25,95.48
2016-09-24,1337.5,33.3,80.25,68.25,95.48
2016-09-25,1337.5,33.3,80.25,68.25,95.48
2016-09-26,1339.8,33.1,79.75,68.25,95.3
2016-09-27,1326.0,33.1,79.0,68.0,95.44
2016-09-28,1319.4,32.9,79.75,68.75,95.43
2016-09-29,1324.0,34.2,81.75,70.5,95.53
2016-09-30,1315.1,33.9,81.0,68.5,95.46
2016-10-01,1315.1,33.9,81.0,68.5,95.46
2016-10-02,1315.1,33.9,81.0,68.5,95.46
2016-10-03,1310.7,34.7,82.25,69.75,95.69
2016-10-04,1268.2,34.6,82.75,70.5,96.17
2016-10-05,1266.9,34.7,82.25,71.5,96.12
2016-10-06,1251.4,34.7,83.0,72.0,96.77
2016-10-07,1250.3,34.5,83.0,71.0,96.63
2016-10-08,1250.3,34.5,83.0,71.0,96.63
2016-10-09,1250.3,34.5,83.0,71.0,96.63
2016-10-10,1258.7,33.5,80.5,68.0,96.93
2016-10-11,1254.2,33.7,81.75,69.5,97.69
2016-10-12,1252.3,33.7,80.0,68.5,97.97
2016-10-13,1256.1,33.8,80.5,67.75,97.52
2016-10-14,1254.0,35.3,82.5,68.75,98.02
2016-10-15,1254.0,35.3,82.5,68.75,98.02
2016-10-16,1254.0,35.3,82.5,68.75,98.02
2016-10-17,1255.1,35.2,82.75,70.25,97.89
2016-10-18,1261.5,35.5,83.0,69.5,97.89
2016-10-19,1268.4,35.4,83.25,69.25,97.92
2016-10-20,1266.1,35.7,85.5,69.25,98.31
2016-10-21,1266.4,35.2,85.5,69.75,98.69
2016-10-22,1266.4,35.2,85.5,69.75,98.69
2016-10-23,1266.4,35.2,85.5,69.75,98.69
2016-10-24,1262.4,35.2,85.5,69.75,98.76
2016-10-25,1272.2,35.4,84.25,71.75,98.72
2016-10-26,1265.2,34.7,82.5,70.0,98.63
2016-10-27,1268.2,35.1,83.0,70.25,98.89
2016-10-28,1276.8,34.9,83.5,69.75,98.35
2016-10-29,1276.8,34.9,83.5,69.75,98.35
2016-10-30,1276.8,34.9,83.5,69.75,98.35
2016-10-31,1273.1,34.6,83.25,70.0,98.44
2016-11-01,1288.0,34.6,83.75,72.25,97.7
2016-11-02,1308.2,34.2,81.75,73.0,97.4
2016-11-03,1303.3,34.0,82.25,73.5,97.16
2016-11-04,1304.5,33.7,82.5,73.0,97.06
2016-11-05,1304.5,33.7,82.5,73.0,97.06
2016-11-06,1304.5,33.7,82.5,73.0,97.06
2016-11-07,1279.4,34.6,83.0,73.75,97.78
2016-11-08,1274.5,34.9,82.75,73.75,97.86
2016-11-09,1273.5,34.5,81.25,71.75,98.5
2016-11-10,1266.4,34.1,81.5,75.0,98.78
2016-11-11,1224.3,33.5,80.75,73.75,99.06
2016-11-12,1224.3,33.5,80.75,73.75,99.06
2016-11-13,1224.3,33.5,80.75,73.75,99.06
2016-11-14,1221.7,32.7,78.5,71.5,100.11
2016-11-15,1224.5,33.7,81.0,72.0,100.23
2016-11-16,1223.9,33.7,81.25,70.75,100.41
2016-11-17,1216.9,34.0,81.0,71.5,100.89
2016-11-18,1208.7,34.4,80.75,71.25,101.21
2016-11-19,1208.7,34.4,80.75,71.25,101.21
2016-11-20,1208.7,34.4,80.75,71.25,101.21
2016-11-21,1209.8,34.1,82.0,71.0,101.05
2016-11-22,1211.2,34.4,83.25,71.75,101.04
2016-11-23,1189.3,35.0,82.75,73.0,101.7
2016-11-24,1185.55,34.9,82.5,72.75,101.7
2016-11-25,1178.4,34.8,82.5,73.0,101.49
2016-11-26,1178.4,34.8,82.5,73.0,101.49
2016-11-27,1178.4,34.8,82.5,73.0,101.49
2016-11-28,1190.8,34.4,82.0,72.0,101.33
2016-11-29,1189.3,34.2,81.5,72.0,100.93
2016-11-30,1172.4,34.9,82.5,74.0,101.5
2016-12-01,1168.1,36.4,88.5,73.0,101.04
2016-12-02,1176.5,35.6,89.5,71.25,100.77
2016-12-03,1176.5,35.6,89.5,71.25,100.77
2016-12-04,1176.5,35.6,89.5,71.25,100.77
2016-12-05,1175.2,35.6,89.5,71.25,100.09
2016-12-06,1168.8,36.7,91.25,72.75,100.49
2016-12-07,1176.2,36.5,91.0,73.0,100.23
2016-12-08,1171.1,36.2,90.75,72.5,101.1
2016-12-09,1160.6,36.9,91.75,72.5,101.59
2016-12-10,1160.6,36.9,91.75,72.5,101.59
2016-12-11,1160.6,36.9,91.75,72.5,101.59
2016-12-12,1164.7,36.9,91.75,72.5,101.03
2016-12-13,1157.8,36.8,93.75,72.25,101.07
2016-12-14,1162.4,36.6,92.75,71.5,101.76
2016-12-15,1128.6,36.2,92.0,71.75,103.02
2016-12-16,1135.9,36.3,91.25,73.0,102.95
2016-12-17,1135.9,36.3,91.25,73.0,102.95
2016-12-18,1135.9,36.3,91.25,73.0,102.95
2016-12-19,1141.0,36.5,92.0,72.25,103.14
2016-12-20,1132.0,36.4,90.25,72.25,103.29
2016-12-21,1131.6,36.3,90.75,71.75,103.02
2016-12-22,1129.1,36.3,91.5,71.0,103.09
2016-12-23,1132.0,36.5,91.0,71.75,103.01
2016-12-24,1132.0,36.5,91.0,71.75,103.01
2016-12-25,1135.0,36.5,91.0,71.75,103.01
2016-12-26,1134.55,36.5,91.5,71.25,103.01
2016-12-27,1137.4,36.5,91.75,70.5,103.02
2016-12-28,1139.2,36.9,94.75,71.0,103.3
2016-12-29,1158.1,37.5,95.25,72.25,102.68
2016-12-30,1151.7,37.2,96.25,72.25,102.21
2016-12-31,1151.7,37.2,96.25,72.25,102.21
2017-01-01,1151.7,37.2,96.25,72.25,102.21
2017-01-02,1151.05,37.2,96.25,72.25,102.83
2017-01-03,1162.0,37.2,96.25,72.25,103.21
2017-01-04,1165.3,38.0,98.5,73.0,102.7
2017-01-05,1181.3,38.7,98.0,71.75,101.52
2017-01-06,1173.4,38.9,98.5,70.25,102.22
2017-01-07,1173.4,38.9,98.5,70.25,102.22
2017-01-08,1173.4,38.9,98.5,70.25,102.22
2017-01-09,1184.9,38.3,97.75,69.25,101.93
2017-01-10,1185.5,38.8,96.0,69.0,102.01
2017-01-11,1196.6,38.5,96.5,68.75,101.78
2017-01-12,1199.8,38.3,96.75,69.5,101.35
2017-01-13,1196.2,38.6,96.0,70.25,101.18
2017-01-14,1196.2,38.6,96.0,70.25,101.18
2017-01-15,1203.35,38.6,96.0,70.25,101.18
2017-01-16,1202.85,38.9,96.75,70.25,101.18
2017-01-17,1212.9,38.7,96.0,70.0,100.33
2017-01-18,1212.1,38.5,94.5,70.0,100.93
2017-01-19,1201.5,38.5,94.25,70.0,101.15
2017-01-20,1204.9,38.6,97.5,71.25,100.74
2017-01-21,1204.9,38.6,97.5,71.25,100.74
2017-01-22,1204.9,38.6,97.5,71.25,100.74
2017-01-23,1215.6,38.9,96.0,72.0,100.16
2017-01-24,1210.8,40.8,95.0,71.5,100.35
2017-01-25,1197.8,41.0,94.5,72.25,100.03
2017-01-26,1189.8,42.0,98.5,72.25,100.38
2017-01-27,1188.4,41.8,97.75,72.5,100.53
2017-01-28,1188.4,41.8,97.75,72.5,100.53
2017-01-29,1188.4,41.8,97.75,72.5,100.53
2017-01-30,1194.5,41.8,102.0,72.5,100.43
2017-01-31,1209.8,40.4,98.0,71.75,99.51
2017-02-01,1206.9,40.4,98.75,71.75,99.64
2017-02-02,1218.0,40.4,97.5,71.0,99.79
2017-02-03,1219.6,41.0,97.75,72.0,99.87
2017-02-04,1219.6,41.0,97.75,72.0,99.87
2017-02-05,1219.6,41.0,97.75,72.0,99.87
2017-02-06,1230.9,41.6,98.5,72.25,99.91
2017-02-07,1234.9,41.0,96.25,71.75,100.26
2017-02-08,1238.2,40.8,95.5,72.75,100.28
2017-02-09,1235.7,39.4,94.5,73.25,100.65
2017-02-10,1234.9,39.6,93.5,73.25,100.8
2017-02-11,1234.9,39.6,93.5,73.25,100.8
2017-02-12,1234.9,39.6,93.5,73.25,100.8
2017-02-13,1224.8,39.6,93.5,73.25,100.96
2017-02-14,1224.3,38.6,91.5,72.25,101.25
2017-02-15,1231.9,39.7,93.0,74.75,101.18
2017-02-16,1240.2,39.4,92.5,76.5,100.44
2017-02-17,1237.8,39.6,91.75,77.25,100.95
2017-02-18,1237.8,39.6,91.75,77.25,100.95
2017-02-19,1237.3,39.6,91.75,77.25,100.95
2017-02-20,1238.2,39.7,93.75,78.25,100.95
2017-02-21,1237.7,39.7,93.5,77.25,101.37
2017-02-22,1232.1,40.2,94.5,77.75,101.22
2017-02-23,1250.1,39.8,92.5,77.5,101.05
2017-02-24,1256.8,39.9,92.25,77.75,101.09
2017-02-25,1256.8,39.9,92.25,77.75,101.09
2017-02-26,1256.8,39.9,92.25,77.75,101.09
2017-02-27,1258.8,40.0,92.25,74.5,101.13
2017-02-28,1253.9,39.7,93.0,75.25,101.12
2017-03-01,1250.0,39.9,93.25,76.5,101.78
2017-03-02,1232.9,39.9,93.25,76.25,102.2
2017-03-03,1226.5,39.6,92.5,76.25,101.54
2017-03-04,1226.5,39.6,92.5,76.25,101.54
2017-03-05,1226.5,39.6,92.5,76.25,101.54
2017-03-06,1225.5,38.8,91.0,74.75,101.64
2017-03-07,1216.1,38.9,91.0,73.75,101.81
2017-03-08,1209.4,39.4,91.5,75.5,102.07
2017-03-09,1203.2,39.0,89.5,74.0,101.85
2017-03-10,1201.4,39.0,88.75,75.75,101.25
2017-03-11,1201.4,39.0,88.75,75.75,101.25
2017-03-12,1201.4,39.0,88.75,75.75,101.25
2017-03-13,1203.1,39.4,89.75,75.5,101.31
2017-03-14,1202.6,39.7,89.5,76.75,101.7
2017-03-15,1200.7,39.5,88.75,75.75,100.74
2017-03-16,1227.1,39.7,91.25,76.5,100.36
2017-03-17,1230.2,39.6,90.0,76.25,100.3
2017-03-18,1230.2,39.6,90.0,76.25,100.3
2017-03-19,1230.2,39.6,90.0,76.25,100.3
2017-03-20,1234.0,40.2,90.0,75.75,100.41
2017-03-21,1246.5,40.6,91.25,76.75,99.81
2017-03-22,1249.7,40.6,91.25,76.5,99.68
2017-03-23,1247.2,40.2,91.25,75.5,99.76
2017-03-24,1248.5,40.8,92.25,75.5,99.63
2017-03-25,1248.5,40.8,92.25,75.5,99.63
2017-03-26,1248.5,40.8,92.25,75.5,99.63
2017-03-27,1255.7,40.4,92.0,75.25,99.17
2017-03-28,1255.6,40.4,92.5,75.5,99.71
2017-03-29,1253.7,39.5,92.25,76.0,100.0
2017-03-30,1246.5,39.5,93.0,76.25,100.41
2017-03-31,1249.5,38.7,93.0,75.5,100.35
2017-04-01,1249.5,38.7,93.0,75.5,100.35
2017-04-02,1249.5,38.7,93.0,75.5,100.35
2017-04-03,1252.3,39.2,95.0,76.25,100.54
2017-04-04,1256.7,39.2,97.0,75.75,100.54
2017-04-05,1246.9,39.0,96.75,75.0,100.56
2017-04-06,1251.7,39.0,96.75,75.0,100.67
2017-04-07,1255.6,39.2,97.0,74.5,101.18
2017-04-08,1255.6,39.2,97.0,74.5,101.18
2017-04-09,1255.6,39.2,97.0,74.5,101.18
2017-04-10,1252.3,39.5,98.5,75.25,101.02
2017-04-11,1272.5,39.4,98.5,77.75,100.71
2017-04-12,1276.4,39.7,99.25,78.0,100.78
2017-04-13,1286.8,39.7,99.25,78.0,100.56
2017-04-14,1289.65,39.7,99.25,78.0,100.56
2017-04-15,1289.65,39.7,99.25,78.0,100.56
2017-04-16,1289.65,39.7,99.25,78.0,100.56
2017-04-17,1290.2,39.3,96.5,76.75,100.29
2017-04-18,1292.4,39.2,96.75,76.25,99.5
2017-04-19,1281.7,39.3,96.75,76.25,99.74
2017-04-20,1282.1,39.2,95.5,75.5,99.78
2017-04-21,1287.4,39.0,95.75,76.0,99.98
2017-04-22,1287.4,39.0,95.75,76.0,99.98
2017-04-23,1287.4,39.0,95.75,76.0,99.98
2017-04-24,1275.9,38.9,96.25,76.5,99.09
2017-04-25,1265.4,39.0,97.25,76.75,98.78
2017-04-26,1262.1,38.8,97.0,77.5,99.05
2017-04-27,1265.9,38.8,97.75,77.0,99.08
2017-04-28,1268.3,38.9,97.25,78.0,99.05
2017-04-29,1268.3,38.9,97.25,78.0,99.05
2017-04-30,1268.3,38.9,97.25,78.0,99.05
2017-05-01,1255.5,38.9,97.25,78.0,99.08
2017-05-02,1257.0,38.9,96.0,77.0,98.98
2017-05-03,1248.5,38.9,97.0,77.25,99.21
2017-05-04,1228.6,39.0,96.0,78.25,98.8
2017-05-05,1226.9,39.0,94.5,78.0,98.65
2017-05-06,1226.9,39.0,94.5,78.0,98.65
2017-05-07,1226.9,39.0,94.5,78.0,98.65
2017-05-08,1227.1,38.9,94.5,77.5,99.06
2017-05-09,1216.1,38.7,94.25,76.5,99.66
2017-05-10,1218.9,38.7,94.25,76.5,99.67
2017-05-11,1224.2,38.6,95.0,76.5,99.62
2017-05-12,1227.7,38.1,93.5,75.0,99.25
2017-05-13,1227.7,38.1,93.5,75.0,99.25
2017-05-14,1227.7,38.1,93.5,75.0,99.25
2017-05-15,1230.0,38.6,94.75,75.5,98.91
2017-05-16,1236.4,39.3,96.75,74.25,98.11
2017-05-17,1258.7,38.9,95.5,74.5,97.58
2017-05-18,1252.8,39.2,94.25,75.25,97.88
2017-05-19,1253.6,39.3,94.0,75.25,97.14
2017-05-20,1253.6,39.3,94.0,75.25,97.14
2017-05-21,1253.6,39.3,94.0,75.25,97.14
2017-05-22,1261.4,39.3,94.5,75.25,96.98
2017-05-23,1255.5,39.3,94.25,76.25,97.35
2017-05-24,1253.1,39.5,94.5,75.75,97.24
2017-05-25,1256.4,39.4,94.0,75.0,97.25
2017-05-26,1268.1,39.3,92.5,76.25,97.44
2017-05-27,1268.1,39.3,92.5,76.25,97.44
2017-05-28,1268.22,39.3,92.5,76.25,97.44
2017-05-29,1266.69,39.4,91.75,75.5,97.44
2017-05-30,1263.8,39.2,91.5,76.75,97.28
2017-05-31,1273.6,39.3,90.0,77.0,96.92
2017-06-01,1268.3,39.0,90.0,75.75,97.2
2017-06-02,1278.4,39.1,90.0,77.75,96.72
2017-06-03,1278.4,39.1,90.0,77.75,96.72
2017-06-04,1278.4,39.1,90.0,77.75,96.72
2017-06-05,1280.7,38.3,86.75,77.5,96.8
2017-06-06,1295.2,38.5,86.25,77.75,96.64
2017-06-07,1290.9,38.5,87.5,77.75,96.75
2017-06-08,1277.5,38.2,87.5,77.75,96.92
2017-06-09,1269.5,38.3,87.0,77.5,97.27
2017-06-10,1269.5,38.3,87.0,77.5,97.27
2017-06-11,1269.5,38.3,87.0,77.5,97.27
2017-06-12,1267.2,38.1,87.25,78.0,97.14
2017-06-13,1266.9,38.5,89.5,79.75,96.97
2017-06-14,1274.2,38.4,89.0,79.5,96.94
2017-06-15,1253.0,38.0,87.75,79.25,97.43
2017-06-16,1255.1,37.9,87.75,79.0,97.16
2017-06-17,1255.1,37.9,87.75,79.0,97.16
2017-06-18,1255.1,37.9,87.75,79.0,97.16
2017-06-19,1245.3,38.0,88.5,78.5,97.55
2017-06-20,1242.1,38.4,89.0,78.5,97.76
2017-06-21,1244.2,37.7,86.75,78.25,97.56
2017-06-22,1247.9,37.8,86.5,78.5,97.59
2017-06-23,1254.8,38.0,86.5,78.25,97.26
2017-06-24,1254.8,38.0,86.5,78.25,97.26
2017-06-25,1254.8,38.0,86.5,78.25,97.26
2017-06-26,1244.9,37.9,87.0,77.75,97.43
2017-06-27,1245.3,38.0,86.75,78.0,96.39
2017-06-28,1247.5,37.7,87.0,78.5,96.01
2017-06-29,1245.8,37.5,86.75,78.25,95.63
2017-06-30,1242.3,37.0,86.25,79.0,95.63
2017-07-01,1242.3,37.0,86.25,79.0,95.63
2017-07-02,1242.3,37.0,86.25,79.0,95.63
2017-07-03,1219.2,37.3,87.0,76.75,96.22
2017-07-04,1227.55,37.4,87.0,75.25,96.22
2017-07-05,1221.7,37.3,87.0,78.25,96.29
2017-07-06,1223.3,36.9,84.25,78.25,95.8
2017-07-07,1209.7,37.4,84.5,78.5,96.01
2017-07-08,1209.7,37.4,84.5,78.5,96.01
2017-07-09,1209.7,37.4,84.5,78.5,96.01
2017-07-10,1213.2,37.4,84.5,78.5,96.02
2017-07-11,1214.7,37.3,82.75,79.0,95.67
2017-07-12,1219.1,37.2,83.75,79.25,95.76
2017-07-13,1217.3,37.6,84.75,79.75,95.73
2017-07-14,1227.5,37.4,84.75,78.5,95.15
2017-07-15,1227.5,37.4,84.75,78.5,95.15
2017-07-16,1227.5,37.4,84.75,78.5,95.15
2017-07-17,1233.7,37.6,84.75,79.25,95.13
2017-07-18,1241.9,38.0,84.75,80.0,94.6
2017-07-19,1242.0,38.0,84.5,83.5,94.78
2017-07-20,1245.5,37.8,84.5,82.25,94.31
2017-07-21,1254.9,37.8,84.5,84.0,93.86
2017-07-22,1254.9,37.8,84.5,84.0,93.86
2017-07-23,1254.9,37.8,84.5,84.0,93.86
2017-07-24,1254.3,37.8,84.25,83.25,93.98
2017-07-25,1252.1,38.5,86.5,83.75,94.05
2017-07-26,1249.4,38.8,87.25,85.0,93.67
2017-07-27,1260.0,38.8,87.75,85.5,93.86
2017-07-28,1270.2,38.8,87.75,85.5,93.26
2017-07-29,1270.2,38.8,87.75,85.5,93.26
2017-07-30,1270.2,38.8,87.75,85.5,93.26
2017-07-31,1268.9,38.8,88.0,85.75,92.86
2017-08-01,1275.2,38.6,87.25,86.25,93.04
2017-08-02,1274.2,38.1,87.5,86.0,92.84
2017-08-03,1270.2,38.0,87.5,85.25,92.84
2017-08-04,1260.2,38.1,87.0,87.25,93.54
2017-08-05,1260.2,38.1,87.0,87.25,93.54
2017-08-06,1260.2,38.1,87.0,87.25,93.54
2017-08-07,1260.2,38.2,87.25,86.25,93.43
2017-08-08,1257.9,38.2,87.0,87.0,93.65
2017-08-09,1274.6,38.4,86.5,87.0,93.55
2017-08-10,1285.1,38.2,86.0,89.0,93.4
2017-08-11,1289.0,38.1,85.25,87.25,93.07
2017-08-12,1289.0,38.1,85.25,87.25,93.07
2017-08-13,1289.0,38.1,85.25,87.25,93.07
2017-08-14,1285.3,38.1,85.25,87.25,93.41
2017-08-15,1274.7,38.4,86.0,88.75,93.85
2017-08-16,1277.9,38.4,84.75,88.5,93.54
2017-08-17,1287.3,38.5,84.25,87.25,93.62
2017-08-18,1286.5,38.9,84.5,88.25,93.43
2017-08-19,1286.5,38.9,84.5,88.25,93.43
2017-08-20,1286.5,38.9,84.5,88.25,93.43
2017-08-21,1291.5,39.3,86.25,89.25,93.09
2017-08-22,1285.6,39.2,85.5,90.5,93.55
2017-08-23,1289.0,39.4,85.5,90.75,93.15
2017-08-24,1286.5,39.3,85.75,90.5,93.28
2017-08-25,1292.6,39.4,85.5,93.25,92.74
2017-08-26,1292.6,39.4,85.5,93.25,92.74
2017-08-27,1292.6,39.4,85.5,93.25,92.74
2017-08-28,1309.8,39.4,85.75,91.75,92.21
2017-08-29,1313.1,40.0,87.5,94.5,92.25
2017-08-30,1310.4,40.2,87.75,92.75,92.88
2017-08-31,1318.5,39.9,87.5,94.25,92.67
2017-09-01,1326.6,40.0,88.0,93.25,92.81
2017-09-02,1326.6,40.0,88.0,93.25,92.81
2017-09-03,1341.22,40.0,88.0,93.25,92.81
2017-09-04,1338.08,39.9,87.75,92.5,92.64
2017-09-05,1340.6,40.0,87.75,91.0,92.25
2017-09-06,1335.2,39.8,88.25,91.0,92.29
2017-09-07,1346.5,40.6,90.5,89.0,91.66
2017-09-08,1347.3,40.6,90.0,90.5,91.35
2017-09-09,1347.3,40.6,90.0,90.5,91.35
2017-09-10,1347.3,40.6,90.0,90.5,91.35
2017-09-11,1331.8,40.4,88.75,91.5,91.9
2017-09-12,1328.8,40.6,87.75,91.25,91.88
2017-09-13,1324.2,40.4,87.0,92.0,92.52
2017-09-14,1325.4,41.0,89.25,93.5,92.12
2017-09-15,1321.3,41.2,88.75,92.5,91.87
2017-09-16,1321.3,41.2,88.75,92.5,91.87
2017-09-17,1321.3,41.2,88.75,92.5,91.87
2017-09-18,1306.9,41.6,90.0,93.0,92.05
2017-09-19,1306.7,42.0,91.5,92.0,91.79
2017-09-20,1312.5,41.6,91.0,90.75,92.51
2017-09-21,1290.6,41.4,90.75,91.25,92.19
2017-09-22,1293.3,40.6,88.5,92.0,92.17
2017-09-23,1293.3,40.6,88.5,92.0,92.17
2017-09-24,1293.3,40.6,88.5,92.0,92.17
2017-09-25,1307.1,41.2,89.5,92.5,92.65
2017-09-26,1297.7,41.8,90.5,93.25,92.97
2017-09-27,1284.1,41.8,89.75,93.5,93.36
2017-09-28,1286.5,41.4,89.75,93.5,93.08
2017-09-29,1282.7,40.8,89.5,92.5,93.08
2017-09-30,1282.7,40.8,89.5,92.5,93.08
2017-10-01,1282.7,40.8,89.5,92.5,93.08
2017-10-02,1274.1,41.8,90.75,94.0,93.56
2017-10-03,1273.1,42.2,90.75,94.0,93.57
2017-10-04,1275.2,42.4,89.5,94.25,93.46
2017-10-05,1271.4,41.8,90.0,94.75,93.96
2017-10-06,1273.1,42.0,89.5,99.5,93.8
2017-10-07,1273.1,42.0,89.5,99.5,93.8
2017-10-08,1273.1,42.0,89.5,99.5,93.8
2017-10-09,1283.2,41.8,89.25,99.5,93.67
2017-10-10,1292.1,42.8,91.25,99.5,93.29
2017-10-11,1287.3,43.0,91.75,98.75,93.02
2017-10-12,1294.7,42.4,92.5,100.5,93.06
2017-10-13,1302.9,42.4,92.5,100.5,93.09
2017-10-14,1302.9,42.4,92.5,100.5,93.09
2017-10-15,1302.9,42.4,92.5,100.5,93.09
2017-10-16,1301.2,42.8,93.0,103.5,93.31
2017-10-17,1284.4,43.0,93.25,103.5,93.51
2017-10-18,1281.2,42.2,91.75,102.0,93.36
2017-10-19,1288.1,41.6,90.25,103.0,93.16
2017-10-20,1278.6,41.0,86.25,104.5,93.7
2017-10-21,1278.6,41.0,86.25,104.5,93.7
2017-10-22,1278.6,41.0,86.25,104.5,93.7
2017-10-23,1278.8,41.0,86.25,104.5,93.94
2017-10-24,1275.8,41.0,85.75,109.0,93.77
2017-10-25,1276.3,41.0,86.0,105.5,93.71
2017-10-26,1266.8,41.0,86.0,105.5,94.61
2017-10-27,1268.2,41.6,85.5,102.5,94.92
2017-10-28,1268.2,41.6,85.5,102.5,94.92
2017-10-29,1268.2,41.6,85.5,102.5,94.92
2017-10-30,1277.7,42.0,86.75,103.5,94.56
2017-10-31,1270.5,42.0,86.25,102.0,94.55
2017-11-01,1277.3,42.0,85.75,98.75,94.81
2017-11-02,1278.1,41.6,87.75,97.75,94.69
2017-11-03,1269.2,41.6,89.0,98.0,94.94
2017-11-04,1269.2,41.6,89.0,98.0,94.94
2017-11-05,1269.2,41.6,89.0,98.0,94.94
2017-11-06,1281.6,42.2,91.75,98.5,94.76
2017-11-07,1275.8,42.4,94.5,99.0,94.91
2017-11-08,1283.7,42.0,94.5,98.75,94.87
2017-11-09,1287.5,41.6,93.5,97.75,94.44
2017-11-10,1274.2,41.4,93.75,94.0,94.39
2017-11-11,1274.2,41.4,93.75,94.0,94.39
2017-11-12,1274.2,41.4,93.75,94.0,94.39
2017-11-13,1278.9,41.4,93.75,92.25,94.49
2017-11-14,1282.9,41.8,93.25,95.5,93.83
2017-11-15,1277.7,41.2,92.0,93.25,93.81
2017-11-16,1278.2,41.0,92.0,93.5,93.93
2017-11-17,1296.5,41.8,92.0,93.75,93.66
2017-11-18,1296.5,41.8,92.0,93.75,93.66
2017-11-19,1296.5,41.8,92.0,93.75,93.66
2017-11-20,1275.3,41.6,92.0,94.25,94.08
2017-11-21,1281.7,41.4,92.75,93.75,93.95
2017-11-22,1292.2,41.4,93.25,94.25,93.22
2017-11-23,1291.66,41.2,94.0,96.25,93.22
2017-11-24,1287.3,41.4,93.0,92.5,92.78
2017-11-25,1287.3,41.4,93.0,92.5,92.78
2017-11-26,1287.3,41.4,93.0,92.5,92.78
2017-11-27,1294.4,41.6,93.75,92.25,92.9
2017-11-28,1294.9,41.4,93.5,93.0,93.27
2017-11-29,1283.7,41.2,92.0,95.25,93.16
2017-11-30,1274.8,41.2,91.25,93.0,93.05
2017-12-01,1280.2,42.0,92.25,93.5,92.89
2017-12-02,1280.2,42.0,92.25,93.5,92.89
2017-12-03,1280.2,42.0,92.25,93.5,92.89
2017-12-04,1275.5,42.0,93.0,93.75,93.19
2017-12-05,1263.0,42.0,93.0,93.75,93.38
2017-12-06,1264.3,42.2,93.25,96.0,93.61
2017-12-07,1251.4,42.0,93.25,97.75,93.8
2017-12-08,1246.5,42.2,93.5,99.25,93.9
2017-12-09,1246.5,42.2,93.5,99.25,93.9
2017-12-10,1246.5,42.2,93.5,99.25,93.9
2017-12-11,1245.1,42.2,93.5,99.25,93.87
2017-12-12,1239.8,42.8,94.25,97.75,94.1
2017-12-13,1246.9,42.6,93.5,99.0,93.43
2017-12-14,1255.3,43.0,94.0,102.0,93.49
2017-12-15,1255.8,43.2,94.5,102.5,93.93
2017-12-16,1255.8,43.2,94.5,102.5,93.93
2017-12-17,1255.8,43.2,94.5,102.5,93.93
2017-12-18,1263.7,43.6,97.5,104.5,93.69
2017-12-19,1262.4,43.8,99.0,105.5,93.44
2017-12-20,1267.8,44.0,99.0,105.5,93.31
2017-12-21,1268.8,43.8,99.5,104.0,93.28
2017-12-22,1277.0,44.6,99.75,101.0,93.35
2017-12-23,1277.0,44.6,99.75,101.0,93.35
2017-12-24,1277.0,44.6,99.75,101.0,93.35
2017-12-25,1277.9,44.8,100.5,103.5,93.35
2017-12-26,1285.5,44.0,100.5,103.5,93.26
2017-12-27,1288.3,44.0,102.0,103.5,93.03
2017-12-28,1297.2,43.8,99.25,102.5,92.6
2017-12-29,1309.3,44.0,100.0,103.5,92.12
2017-12-30,1309.3,44.0,100.0,103.5,92.12
2017-12-31,1309.3,44.0,100.0,103.5,92.28
2018-01-01,1308.7,44.0,100.0,103.5,92.25
2018-01-02,1316.1,44.0,100.0,103.5,91.87
2018-01-03,1318.5,45.0,101.5,107.0,92.16
2018-01-04,1321.6,47.2,106.0,106.5,91.85
2018-01-05,1322.3,46.8,107.0,107.0,91.95
2018-01-06,1322.3,46.8,107.0,107.0,91.95
2018-01-07,1322.3,46.8,107.0,107.0,91.95
2018-01-08,1320.4,46.6,105.5,104.5,92.36
2018-01-09,1313.7,46.6,107.0,104.0,92.53
2018-01-10,1319.3,47.0,107.0,99.5,92.33
2018-01-11,1322.5,47.2,108.5,101.0,91.85
2018-01-12,1334.9,47.0,111.0,102.0,90.97
2018-01-13,1334.9,47.0,111.0,102.0,90.97
2018-01-14,1337.4,47.0,111.0,102.0,90.97
2018-01-15,1341.8,48.4,113.0,101.5,90.97
2018-01-16,1337.1,48.2,112.5,101.5,90.39
2018-01-17,1339.2,48.4,113.5,99.5,90.54
2018-01-18,1327.2,48.0,114.0,99.0,90.5
2018-01-19,1333.1,47.8,115.0,100.5,90.57
2018-01-20,1333.1,47.8,115.0,100.5,90.57
2018-01-21,1333.1,47.8,115.0,100.5,90.57
2018-01-22,1331.9,48.4,115.5,100.5,90.4
2018-01-23,1336.7,48.8,117.0,102.0,90.12
2018-01-24,1356.3,49.2,117.5,101.0,89.21
2018-01-25,1362.9,48.6,117.5,101.5,89.39
2018-01-26,1352.1,49.0,119.5,105.0,89.07
2018-01-27,1352.1,49.0,119.5,105.0,89.07
2018-01-28,1352.1,49.0,119.5,105.0,89.07
2018-01-29,1340.3,49.8,120.5,105.0,89.31
2018-01-30,1337.2,49.0,118.0,103.5,89.16
2018-01-31,1340.4,49.2,119.0,102.5,89.13
2018-02-01,1345.0,49.8,121.5,104.0,88.67
2018-02-02,1334.6,50.2,122.5,102.0,89.19
2018-02-03,1334.6,50.2,122.5,102.0,89.19
2018-02-04,1334.6,50.2,122.5,102.0,89.19
2018-02-05,1333.8,50.0,119.5,100.5,89.55
2018-02-06,1326.9,48.4,118.0,100.5,89.58
2018-02-07,1312.2,48.4,115.5,101.0,90.25
2018-02-08,1316.5,48.0,113.5,99.25,90.23
2018-02-09,1313.3,48.0,112.0,99.0,90.44
2018-02-10,1313.3,48.0,112.0,99.0,90.44
2018-02-11,1313.3,48.0,112.0,99.0,90.44
2018-02-12,1324.0,48.8,115.5,99.0,90.21
2018-02-13,1328.0,48.8,114.0,99.0,89.7
2018-02-14,1355.6,48.0,110.0,101.0,89.12
2018-02-15,1352.9,48.6,112.5,100.0,88.59
2018-02-16,1353.7,48.6,112.5,101.0,89.1
2018-02-17,1353.7,48.6,112.5,101.0,89.1
2018-02-18,1350.5,48.6,112.5,101.0,89.1
2018-02-19,1347.8,48.8,112.5,102.0,89.1
2018-02-20,1328.9,49.0,113.0,102.0,89.72
2018-02-21,1329.8,52.2,114.5,101.0,90.0
2018-02-22,1330.4,54.0,115.0,99.5,89.74
2018-02-23,1327.9,53.8,115.5,100.5,89.88
2018-02-24,1327.9,53.8,115.5,100.5,89.88
2018-02-25,1327.9,53.8,115.5,100.5,89.88
2018-02-26,1330.3,56.6,118.0,104.5,89.85
2018-02-27,1318.6,57.4,117.0,101.5,90.36
2018-02-28,1317.9,56.8,115.5,103.0,90.61
2018-03-01,1305.2,56.8,115.5,103.0,90.32
2018-03-02,1323.4,55.6,115.0,99.75,89.94
2018-03-03,1323.4,55.6,115.0,99.75,89.94
2018-03-04,1323.4,55.6,115.0,99.75,89.94
2018-03-05,1319.9,56.2,111.5,98.0,90.08
2018-03-06,1335.2,55.2,113.5,98.0,89.62
2018-03-07,1327.6,54.0,111.5,96.5,89.64
2018-03-08,1321.7,53.2,112.5,97.0,90.18
2018-03-09,1324.0,53.4,113.5,96.5,90.09
2018-03-10,1324.0,53.4,113.5,96.5,90.09
2018-03-11,1324.0,53.4,113.5,96.5,90.09
2018-03-12,1320.8,55.8,115.5,98.5,89.89
2018-03-13,1327.1,56.6,115.5,99.0,89.66
2018-03-14,1325.6,56.0,115.5,100.5,89.7
2018-03-15,1317.8,55.8,116.0,99.5,90.14
2018-03-16,1312.3,54.8,117.0,99.25,90.23
2018-03-17,1312.3,54.8,117.0,99.25,90.23
2018-03-18,1312.3,54.8,117.0,99.25,90.23
2018-03-19,1317.8,53.6,116.5,98.5,89.77
2018-03-20,1311.9,54.2,114.5,96.5,90.37
2018-03-21,1321.5,54.2,116.0,96.25,89.78
2018-03-22,1327.4,54.4,116.0,96.25,89.86
2018-03-23,1349.9,55.0,115.5,95.25,89.48
2018-03-24,1349.9,55.0,115.5,95.25,89.48
2018-03-25,1349.9,55.0,115.5,95.25,89.48
2018-03-26,1355.0,56.0,117.5,95.75,89.03
2018-03-27,1342.0,56.0,117.5,95.25,89.33
2018-03-28,1326.9,56.0,116.5,94.25,90.06
2018-03-29,1324.3,54.8,114.5,90.75,90.15
2018-03-30,1324.3,55.2,114.5,91.75,89.97
2018-03-31,1324.3,55.2,114.5,91.75,89.97
2018-04-01,1324.3,55.2,114.5,91.75,89.97
2018-04-02,1343.9,55.2,116.0,92.0,90.05
2018-04-03,1334.2,54.6,114.5,90.0,90.2
2018-04-04,1337.1,53.2,112.0,89.0,90.14
2018-04-05,1325.5,54.2,113.5,91.5,90.46
2018-04-06,1333.1,54.2,113.5,91.5,90.11
2018-04-07,1333.1,54.2,113.5,91.5,90.11
2018-04-08,1333.1,54.2,113.5,91.5,90.11
2018-04-09,1337.1,55.0,115.0,92.0,89.84
2018-04-10,1342.9,55.2,115.0,90.75,89.59
2018-04-11,1356.9,54.6,116.0,92.0,89.57
2018-04-12,1338.7,55.0,118.0,93.75,89.75
2018-04-13,1344.7,55.0,118.0,93.75,89.8
2018-04-14,1344.7,55.0,118.0,93.75,89.8
2018-04-15,1344.7,55.0,118.0,93.75,89.8
2018-04-16,1347.5,55.0,118.0,93.75,89.42
2018-04-17,1346.3,54.6,122.0,92.5,89.52
2018-04-18,1350.2,55.0,122.5,94.0,89.62
2018-04-19,1345.4,58.0,133.0,95.75,89.94
2018-04-20,1334.9,58.8,136.5,93.0,90.32
2018-04-21,1334.9,58.8,136.5,93.0,90.32
2018-04-22,1334.9,58.8,136.5,93.0,90.32
2018-04-23,1320.6,57.2,134.5,93.0,90.95
2018-04-24,1329.7,58.0,138.0,92.5,90.77
2018-04-25,1319.5,57.5,134.0,90.5,91.17
2018-04-26,1314.6,56.5,132.5,92.5,91.56
2018-04-27,1323.4,56.5,133.5,93.0,91.54
2018-04-28,1323.4,56.5,133.5,93.0,91.54
2018-04-29,1323.4,56.5,133.5,93.0,91.54
2018-04-30,1319.2,56.5,134.0,94.25,91.84
2018-05-01,1306.8,56.5,134.0,94.25,92.45
2018-05-02,1305.6,57.0,136.5,93.5,92.51
2018-05-03,1312.7,57.5,136.5,94.0,92.41
2018-05-04,1314.7,56.75,137.5,94.25,92.57
2018-05-05,1314.7,56.75,137.5,94.25,92.57
2018-05-06,1314.7,56.75,137.5,94.25,92.57
2018-05-07,1314.1,56.75,137.5,96.25,92.75
2018-05-08,1313.7,55.5,131.0,96.0,93.12
2018-05-09,1313.0,56.25,134.5,94.0,93.04
2018-05-10,1322.3,56.0,135.0,91.25,92.65
2018-05-11,1320.7,56.75,136.0,90.0,92.54
2018-05-12,1320.7,56.75,136.0,90.0,92.54
2018-05-13,1320.7,56.75,136.0,90.0,92.54
2018-05-14,1318.2,57.0,135.0,90.0,92.59
2018-05-15,1290.3,56.5,136.5,88.5,93.22
2018-05-16,1291.5,56.5,138.5,85.5,93.39
2018-05-17,1289.4,57.25,147.5,88.0,93.47
2018-05-18,1291.3,57.0,145.5,88.0,93.64
2018-05-19,1291.3,57.0,145.5,88.0,93.64
2018-05-20,1291.3,57.0,145.5,88.0,93.64
2018-05-21,1290.9,57.0,149.0,88.5,93.68
2018-05-22,1292.0,55.25,149.5,88.5,93.61
2018-05-23,1289.6,53.5,144.5,87.5,94.0
2018-05-24,1304.4,50.75,140.0,86.0,93.76
2018-05-25,1303.7,52.0,140.5,88.5,94.19
2018-05-26,1303.7,52.0,140.5,88.5,94.19
2018-05-27,1298.3,52.0,140.5,88.5,94.19
2018-05-28,1297.6,50.25,131.0,90.0,94.19
2018-05-29,1299.0,50.25,131.0,90.0,94.83
2018-05-30,1304.5,51.5,132.5,91.0,94.15
2018-05-31,1302.6,52.25,134.5,92.0,93.98
2018-06-01,1297.1,51.5,134.0,87.0,94.19
2018-06-02,1297.1,51.5,134.0,87.0,94.19
2018-06-03,1297.1,51.5,134.0,87.0,94.19
2018-06-04,1295.1,51.75,136.5,88.75,94.02
2018-06-05,1299.9,52.0,136.0,86.5,93.9
2018-06-06,1299.2,52.5,141.5,88.25,93.66
2018-06-07,1300.7,52.25,139.5,88.0,93.4
2018-06-08,1300.5,51.0,136.0,87.5,93.55
2018-06-09,1300.5,51.0,136.0,87.5,93.55
2018-06-10,1300.5,51.0,136.0,87.5,93.55
2018-06-11,1301.0,50.75,135.5,88.0,93.58
2018-06-12,1297.2,51.5,136.5,87.0,93.8
2018-06-13,1299.2,51.0,135.0,85.5,93.71
2018-06-14,1306.2,51.0,136.0,81.5,94.77
2018-06-15,1276.3,50.0,134.0,82.0,94.79
2018-06-16,1276.3,50.0,134.0,82.0,94.79
2018-06-17,1276.3,50.0,134.0,82.0,94.79
2018-06-18,1278.0,49.0,130.0,79.75,94.8
2018-06-19,1276.5,47.75,125.5,77.0,95.08
2018-06-20,1272.4,48.75,129.0,81.75,95.06
2018-06-21,1268.6,47.5,126.0,78.25,94.74
2018-06-22,1268.9,48.0,129.5,80.0,94.52
2018-06-23,1268.9,48.0,129.5,80.0,94.52
2018-06-24,1268.9,48.0,129.5,80.0,94.52
2018-06-25,1267.2,48.0,131.5,77.0,94.28
2018-06-26,1258.0,48.0,131.5,78.5,94.66
2018-06-27,1253.0,48.0,136.0,77.25,95.27
2018-06-28,1251.0,47.5,136.0,77.5,95.39
2018-06-29,1254.5,48.0,140.5,77.75,94.64
2018-06-30,1254.5,48.0,140.5,77.75,94.64
2018-07-01,1254.5,48.0,140.5,77.75,94.64
2018-07-02,1241.7,47.75,132.5,73.75,95.03
2018-07-03,1253.5,47.5,134.0,75.25,94.67
2018-07-04,1258.1,47.75,134.5,72.25,94.67
2018-07-05,1258.8,46.25,132.5,70.25,94.47
2018-07-06,1255.8,46.25,130.0,69.0,94.04
2018-07-07,1255.8,46.25,130.0,69.0,94.04
2018-07-08,1255.8,46.25,130.0,69.0,94.04
2018-07-09,1259.6,47.0,134.0,70.5,94.08
2018-07-10,1255.4,48.75,138.5,76.5,94.15
2018-07-11,1244.4,48.5,136.0,77.0,94.72
2018-07-12,1246.6,48.0,134.0,77.5,94.81
2018-07-13,1241.2,47.5,135.5,76.75,94.75
2018-07-14,1241.2,47.5,135.5,76.75,94.75
2018-07-15,1241.2,47.5,135.5,76.75,94.75
2018-07-16,1239.7,47.5,135.0,78.25,94.51
2018-07-17,1227.3,47.75,130.0,78.0,94.94
2018-07-18,1227.9,49.5,130.0,77.0,95.08
2018-07-19,1224.0,49.5,131.0,78.25,95.15
2018-07-20,1231.1,51.5,133.5,79.5,94.45
2018-07-21,1231.1,51.5,133.5,79.5,94.45
2018-07-22,1231.1,51.5,133.5,79.5,94.45
2018-07-23,1225.6,51.0,133.0,83.0,94.67
2018-07-24,1225.5,50.25,131.5,82.0,94.61
2018-07-25,1231.8,51.0,134.5,81.25,94.36
2018-07-26,1225.7,51.75,138.0,81.5,94.75
2018-07-27,1223.0,51.75,138.0,81.5,94.67
2018-07-28,1223.0,51.75,138.0,81.5,94.67
2018-07-29,1223.0,51.75,138.0,81.5,94.67
2018-07-30,1224.2,51.75,138.0,81.5,94.32
2018-07-31,1226.4,51.25,138.5,80.25,94.49
2018-08-01,1220.3,52.5,142.5,83.0,94.62
2018-08-02,1212.9,52.0,140.0,82.25,95.16
2018-08-03,1215.9,51.75,140.5,82.75,95.14
2018-08-04,1215.9,51.75,140.5,82.75,95.14
2018-08-05,1215.9,51.75,140.5,82.75,95.14
2018-08-06,1210.6,51.5,139.5,80.75,95.36
2018-08-07,1211.2,52.25,142.5,80.25,95.22
2018-08-08,1214.2,53.0,142.0,78.75,95.05
2018-08-09,1213.0,52.5,141.5,78.75,95.5
2018-08-10,1212.1,51.75,138.5,80.0,96.36
2018-08-11,1212.1,51.75,138.5,80.0,96.36
2018-08-12,1212.1,51.75,138.5,80.0,96.36
2018-08-13,1192.2,51.75,138.5,80.0,96.39
2018-08-14,1194.0,51.75,139.0,80.5,96.73
2018-08-15,1178.2,51.0,136.5,81.0,96.7
2018-08-16,1177.1,50.5,135.0,83.0,96.64
2018-08-17,1177.3,51.5,134.5,83.5,96.1
2018-08-18,1177.3,51.5,134.5,83.5,96.1
2018-08-19,1177.3,51.5,134.5,83.5,96.1
2018-08-20,1187.8,52.25,135.5,84.0,95.9
2018-08-21,1193.2,51.75,135.0,83.25,95.26
2018-08-22,1196.4,51.75,138.5,85.5,95.15
2018-08-23,1187.2,52.0,140.0,85.0,95.67
2018-08-24,1206.3,51.75,139.5,85.0,95.15
2018-08-25,1206.3,51.75,139.5,85.0,95.15
2018-08-26,1206.3,51.75,139.5,85.0,95.15
2018-08-27,1209.2,52.0,141.0,85.5,94.78
2018-08-28,1207.5,52.5,142.5,84.25,94.72
2018-08-29,1204.2,52.5,143.0,84.75,94.6
2018-08-30,1200.0,52.0,142.5,83.5,94.72
2018-08-31,1201.6,52.5,142.5,84.25,95.14
2018-09-01,1201.6,52.5,142.5,84.25,95.14
2018-09-02,1204.9,52.5,142.5,84.25,95.14
2018-09-03,1206.3,52.75,142.0,86.0,95.14
2018-09-04,1194.0,52.25,142.5,85.75,95.44
2018-09-05,1196.1,50.5,139.0,84.75,95.18
2018-09-06,1199.0,50.5,140.5,86.25,95.02
2018-09-07,1195.1,50.0,139.0,85.25,95.36
2018-09-08,1195.1,50.0,139.0,85.25,95.36
2018-09-09,1195.1,50.0,139.0,85.25,95.36
2018-09-10,1194.5,50.25,137.5,85.0,95.15
2018-09-11,1196.8,48.75,138.0,83.75,95.25
2018-09-12,1205.5,49.5,141.0,83.75,94.8
2018-09-13,1202.8,52.0,148.0,84.5,94.52
2018-09-14,1196.2,51.75,149.5,86.0,94.93
2018-09-15,1196.2,51.75,149.5,86.0,94.93
2018-09-16,1196.2,51.75,149.5,86.0,94.93
2018-09-17,1201.2,51.0,152.0,84.75,94.5
2018-09-18,1198.5,52.0,152.0,84.5,94.64
2018-09-19,1203.9,52.5,153.0,86.75,94.54
2018-09-20,1206.6,53.5,154.0,89.0,93.91
2018-09-21,1196.6,53.75,153.5,87.5,94.22
2018-09-22,1196.6,53.75,153.5,87.5,94.22
2018-09-23,1196.6,53.75,153.5,87.5,94.22
2018-09-24,1199.6,54.0,154.5,87.0,94.19
2018-09-25,1199.7,54.0,153.5,86.25,94.13
2018-09-26,1194.4,54.25,155.0,86.5,94.19
2018-09-27,1185.5,54.0,156.5,88.0,94.89
2018-09-28,1193.9,54.25,155.0,88.5,95.13
2018-09-29,1193.9,54.25,155.0,88.5,95.13
2018-09-30,1193.9,54.25,155.0,88.5,95.13
2018-10-01,1189.4,54.75,160.0,87.5,95.3
2018-10-02,1204.2,54.5,156.5,86.5,95.51
2018-10-03,1200.1,53.5,156.5,86.25,95.76
2018-10-04,1198.8,53.0,154.0,84.0,95.75
2018-10-05,1202.8,52.5,150.5,84.0,95.62
2018-10-06,1202.8,52.5,150.5,84.0,95.62
2018-10-07,1202.8,52.5,150.5,84.0,95.62
2018-10-08,1185.8,51.75,145.0,82.75,95.76
2018-10-09,1188.8,52.25,148.0,82.75,95.67
2018-10-10,1190.8,54.0,152.0,84.25,95.51
2018-10-11,1225.1,51.0,146.0,82.5,95.02
2018-10-12,1219.5,51.5,148.0,83.0,95.22
2018-10-13,1219.5,51.5,148.0,83.0,95.22
2018-10-14,1219.5,51.5,148.0,83.0,95.22
2018-10-15,1227.8,51.5,148.0,83.0,95.06
2018-10-16,1228.4,51.0,148.0,82.5,95.05
2018-10-17,1224.8,51.0,146.5,85.75,95.58
2018-10-18,1227.4,51.0,143.5,84.0,95.9
2018-10-19,1226.0,50.5,144.5,81.0,95.71
2018-10-20,1226.0,50.5,144.5,81.0,95.71
2018-10-21,1226.0,50.5,144.5,81.0,95.71
2018-10-22,1222.0,50.25,145.0,80.75,96.01
2018-10-23,1234.1,50.25,145.0,80.75,95.96
2018-10-24,1228.4,48.5,134.0,77.5,96.43
2018-10-25,1229.5,49.5,137.5,81.25,96.68
2018-10-26,1232.4,48.25,134.5,79.75,96.36
2018-10-27,1232.4,48.25,134.5,79.75,96.36
2018-10-28,1232.4,48.25,134.5,79.75,96.36
2018-10-29,1224.7,48.75,136.5,80.25,96.58
2018-10-30,1225.3,49.25,134.5,80.25,97.01
2018-10-31,1215.0,51.0,139.5,84.75,97.13
2018-11-01,1238.6,49.5,138.0,84.25,96.28
2018-11-02,1233.3,49.75,141.0,84.75,96.54
2018-11-03,1233.3,49.75,141.0,84.75,96.54
2018-11-04,1233.3,49.75,141.0,84.75,96.54
2018-11-05,1232.3,49.25,138.0,83.0,96.28
2018-11-06,1226.3,49.75,138.0,81.75,96.32
2018-11-07,1228.7,50.25,138.0,84.25,96.0
2018-11-08,1225.1,50.75,140.0,85.0,96.72
2018-11-09,1208.6,49.75,138.0,81.0,96.91
2018-11-10,1208.6,49.75,138.0,81.0,96.91
2018-11-11,1208.6,49.75,138.0,81.0,96.91
2018-11-12,1203.5,49.75,138.0,79.75,97.54
2018-11-13,1201.4,50.0,137.0,78.5,97.3
2018-11-14,1210.1,49.0,131.5,75.5,96.8
2018-11-15,1215.0,48.75,132.0,75.75,96.93
2018-11-16,1223.0,48.75,133.0,77.25,96.47
2018-11-17,1223.0,48.75,133.0,77.25,96.47
2018-11-18,1223.0,48.75,133.0,77.25,96.47
2018-11-19,1225.3,48.75,132.5,76.25,96.19
2018-11-20,1221.2,48.5,131.0,75.25,96.84
2018-11-21,1228.0,48.25,130.5,74.25,96.71
2018-11-22,1228.0,48.0,128.0,73.75,96.71
2018-11-23,1223.2,48.75,131.0,74.5,96.92
2018-11-24,1223.2,48.75,131.0,74.5,96.92
2018-11-25,1223.2,48.75,131.0,74.5,96.92
2018-11-26,1222.4,48.5,129.0,74.0,97.07
2018-11-27,1213.4,48.75,128.5,73.75,97.37
2018-11-28,1223.6,49.0,129.0,75.0,96.79
2018-11-29,1227.9,49.25,129.0,75.0,96.78
2018-11-30,1223.6,49.25,132.0,76.0,97.27
2018-12-01,1223.6,49.25,132.0,76.0,97.27
2018-12-02,1223.6,49.25,132.0,76.0,97.27
2018-12-03,1236.9,51.75,140.5,77.75,97.04
2018-12-04,1243.3,51.5,140.0,77.0,96.97
2018-12-05,1239.1,51.5,140.0,77.0,97.07
2018-12-06,1239.7,50.25,138.5,75.0,96.81
2018-12-07,1248.2,49.5,135.0,73.5,96.51
2018-12-08,1248.2,49.5,135.0,73.5,96.51
2018-12-09,1248.2,49.5,135.0,73.5,96.51
2018-12-10,1244.9,49.5,135.0,73.5,97.22
2018-12-11,1242.8,49.25,132.0,72.5,97.39
2018-12-12,1246.1,49.0,134.0,72.25,97.04
2018-12-13,1243.7,47.5,125.0,68.5,97.06
2018-12-14,1237.9,47.75,121.0,68.25,97.44
2018-12-15,1237.9,47.75,121.0,68.25,97.44
2018-12-16,1237.9,47.75,121.0,68.25,97.44
2018-12-17,1248.2,48.0,124.0,68.25,97.1
2018-12-18,1250.1,47.25,117.0,66.25,97.1
2018-12-19,1252.6,47.0,118.0,66.0,97.03
2018-12-20,1263.9,46.75,116.5,66.0,96.28
2018-12-21,1254.6,47.5,116.5,67.0,96.96
2018-12-22,1254.6,47.5,116.5,67.0,96.96
2018-12-23,1254.6,47.5,116.5,67.0,96.96
2018-12-24,1267.9,47.5,116.5,66.75,96.55
2018-12-25,1270.75,45.25,111.5,65.25,96.55
2018-12-26,1269.0,45.5,113.0,65.75,97.05
2018-12-27,1277.4,45.5,113.0,65.0,96.48
2018-12-28,1283.0,46.0,113.5,66.25,96.4
2018-12-29,1283.0,46.0,113.5,66.25,96.4
2018-12-30,1283.0,46.0,113.5,66.25,96.4
2018-12-31,1281.3,46.0,113.5,66.25,96.17
2019-01-01,1283.35,46.0,113.5,66.25,96.17
2019-01-02,1284.1,46.25,112.5,63.75,96.82
2019-01-03,1294.8,45.5,113.5,63.75,96.31
2019-01-04,1285.8,46.75,118.5,67.25,96.18
2019-01-05,1285.8,46.75,118.5,67.25,96.18
2019-01-06,1285.8,46.75,118.5,67.25,96.18
2019-01-07,1289.9,48.0,121.0,69.75,95.67
2019-01-08,1285.9,48.0,121.5,69.75,95.9
2019-01-09,1292.0,48.25,121.5,69.75,95.22
2019-01-10,1287.4,48.75,122.5,69.75,95.54
2019-01-11,1289.5,49.25,123.5,70.5,95.67
2019-01-12,1289.5,49.25,123.5,70.5,95.67
2019-01-13,1289.5,49.25,123.5,70.5,95.67
2019-01-14,1291.3,48.0,122.0,67.5,95.61
2019-01-15,1288.4,47.75,121.0,67.25,96.04
2019-01-16,1293.8,47.5,122.0,68.5,96.06
2019-01-17,1292.3,47.25,123.0,68.5,96.06
2019-01-18,1282.6,48.25,125.0,69.5,96.34
2019-01-19,1282.6,48.25,125.0,69.5,96.34
2019-01-20,1282.05,48.25,125.0,69.5,96.34
2019-01-21,1279.05,48.75,127.0,71.75,96.34
2019-01-22,1283.4,49.5,127.5,73.0,96.3
2019-01-23,1284.0,49.5,127.5,72.5,96.12
2019-01-24,1279.8,49.0,124.5,71.5,96.6
2019-01-25,1298.1,48.75,124.5,71.0,95.79
2019-01-26,1298.1,48.75,124.5,71.0,95.79
2019-01-27,1298.1,48.75,124.5,71.0,95.79
2019-01-28,1303.1,48.75,121.5,71.25,95.75
2019-01-29,1308.9,48.25,118.5,69.0,95.82
2019-01-30,1312.8,48.25,121.0,72.0,95.34
2019-01-31,1322.3,48.5,123.0,72.0,95.58
2019-02-01,1319.3,49.5,124.0,73.75,95.58
2019-02-02,1319.3,49.5,124.0,73.75,95.58
2019-02-03,1319.3,49.5,124.0,73.75,95.58
2019-02-04,1316.6,49.25,125.5,74.75,95.85
2019-02-05,1316.5,49.25,125.5,74.5,96.07
2019-02-06,1311.7,48.75,125.0,74.5,96.39
2019-02-07,1311.6,49.0,125.0,74.5,96.51
2019-02-08,1315.9,48.5,124.0,74.0,96.64
2019-02-09,1315.9,48.5,124.0,74.0,96.64
2019-02-10,1315.9,48.5,124.0,74.0,96.64
2019-02-11,1309.2,48.25,123.5,73.5,97.06
2019-02-12,1311.3,48.5,121.5,73.25,96.71
2019-02-13,1312.4,49.0,124.0,76.0,97.13
2019-02-14,1311.3,48.25,124.0,75.25,96.98
2019-02-15,1319.1,48.25,122.5,74.25,96.9
2019-02-16,1319.1,48.25,122.5,74.25,96.9
2019-02-17,1324.25,48.25,122.5,74.25,96.9
2019-02-18,1329.55,48.5,123.5,73.75,96.9
2019-02-19,1340.8,48.5,123.5,73.75,96.52
2019-02-20,1344.1,49.0,125.5,74.25,96.45
2019-02-21,1324.6,48.75,126.0,72.0,96.61
2019-02-22,1329.7,49.25,126.0,73.75,96.51
2019-02-23,1329.7,49.25,126.0,73.75,96.51
2019-02-24,1329.7,49.25,126.0,73.75,96.51
2019-02-25,1326.5,49.75,127.5,74.0,96.41
2019-02-26,1325.3,49.0,125.0,73.5,96.0
2019-02-27,1321.2,49.25,126.5,73.5,96.15
2019-02-28,1316.1,48.5,124.5,72.25,96.16
2019-03-01,1299.2,48.75,123.5,69.25,96.53
2019-03-02,1299.2,48.75,123.5,69.25,96.53
2019-03-03,1299.2,48.75,123.5,69.25,96.53
2019-03-04,1287.5,48.75,121.0,69.75,96.68
2019-03-05,1284.7,48.75,122.5,72.5,96.87
2019-03-06,1287.6,47.5,121.5,72.25,96.87
2019-03-07,1286.1,47.75,122.5,71.75,97.67
2019-03-08,1299.3,47.5,121.0,71.0,97.31
2019-03-09,1299.3,47.5,121.0,71.0,97.31
2019-03-10,1299.3,47.5,121.0,71.0,97.31
2019-03-11,1291.1,47.25,120.5,69.5,97.22
2019-03-12,1298.1,47.25,121.0,70.25,96.94
2019-03-13,1309.3,47.75,121.5,70.5,96.55
2019-03-14,1295.1,48.0,120.5,69.5,96.78
2019-03-15,1302.9,48.25,119.0,69.0,96.59
2019-03-16,1302.9,48.25,119.0,69.0,96.59
2019-03-17,1302.9,48.25,119.0,69.0,96.59
2019-03-18,1301.5,47.75,120.0,68.5,96.52
2019-03-19,1306.5,48.5,122.0,70.0,96.38
2019-03-20,1301.7,48.25,121.5,69.75,95.76
2019-03-21,1307.3,48.25,124.0,71.75,96.5
2019-03-22,1312.3,48.75,126.5,72.0,96.65
2019-03-23,1312.3,48.75,126.5,72.0,96.65
2019-03-24,1312.3,48.75,126.5,72.0,96.65
2019-03-25,1322.6,47.75,124.0,70.5,96.57
2019-03-26,1315.0,48.0,125.0,70.5,96.74
2019-03-27,1310.4,47.5,125.5,70.0,96.77
2019-03-28,1292.5,47.5,125.5,70.0,97.2
2019-03-29,1295.6,48.0,125.5,69.5,97.28
2019-03-30,1295.6,48.0,125.5,69.5,97.28
2019-03-31,1295.6,48.0,125.5,69.5,97.28
2019-04-01,1291.2,48.0,127.0,70.25,97.23
2019-04-02,1292.5,48.0,127.5,71.0,97.36
2019-04-03,1292.3,48.25,129.0,71.75,97.09
2019-04-04,1291.4,48.0,128.0,71.25,97.31
2019-04-05,1292.6,47.75,127.5,70.75,97.39
2019-04-06,1292.6,47.75,127.5,70.75,97.39
2019-04-07,1292.6,47.75,127.5,70.75,97.39
2019-04-08,1298.8,47.75,127.5,70.75,97.05
2019-04-09,1305.1,48.0,131.5,71.5,97.01
2019-04-10,1310.3,48.25,132.5,71.5,96.95
2019-04-11,1290.5,48.25,131.0,72.0,97.18
2019-04-12,1292.2,48.0,131.5,72.0,96.97
2019-04-13,1292.2,48.0,131.5,72.0,96.97
2019-04-14,1292.2,48.0,131.5,72.0,96.97
2019-04-15,1288.5,48.0,131.5,72.0,96.94
2019-04-16,1274.2,48.0,131.5,72.0,97.04
2019-04-17,1273.8,48.5,131.0,72.0,97.01
2019-04-18,1273.1,48.75,132.0,72.0,97.47
2019-04-19,1277.9,48.5,131.5,73.0,97.38
2019-04-20,1277.9,48.5,131.5,73.0,97.38
2019-04-21,1277.9,48.5,131.5,73.0,97.38
2019-04-22,1274.7,49.25,134.0,73.0,97.29
2019-04-23,1270.6,49.5,136.5,72.5,97.64
2019-04-24,1276.6,49.5,135.0,72.5,98.17
2019-04-25,1276.4,49.5,136.5,71.75,98.2
2019-04-26,1285.5,49.25,135.0,70.0,98.01
2019-04-27,1285.5,49.25,135.0,70.0,98.01
2019-04-28,1285.5,49.25,135.0,70.0,98.01
2019-04-29,1281.5,48.75,133.0,69.0,97.86
2019-04-30,1285.7,48.75,133.5,69.25,97.48
2019-05-01,1284.2,48.75,133.5,69.25,97.69
2019-05-02,1272.0,49.0,133.5,69.25,97.83
2019-05-03,1281.3,49.25,131.0,69.0,97.52
2019-05-04,1281.3,49.25,131.0,69.0,97.52
2019-05-05,1281.3,49.25,131.0,69.0,97.52
2019-05-06,1283.8,49.25,131.0,69.0,97.52
2019-05-07,1285.6,48.75,131.5,67.75,97.63
2019-05-08,1281.4,48.0,129.0,66.5,97.62
2019-05-09,1285.2,47.5,128.0,66.5,97.37
2019-05-10,1287.4,47.75,129.5,66.75,97.33
2019-05-11,1287.4,47.75,129.5,66.75,97.33
2019-05-12,1287.4,47.75,129.5,66.75,97.33
2019-05-13,1301.8,47.5,129.5,65.0,97.32
2019-05-14,1296.3,47.25,129.5,64.75,97.53
2019-05-15,1297.8,47.25,128.5,64.25,97.57
2019-05-16,1286.2,47.0,128.5,64.25,97.86
2019-05-17,1275.7,46.5,129.0,63.0,98.0
2019-05-18,1275.7,46.5,129.0,63.0,98.0
2019-05-19,1275.7,46.5,129.0,63.0,98.0
2019-05-20,1277.3,46.5,129.0,63.0,97.93
2019-05-21,1273.2,46.25,130.0,62.5,98.06
2019-05-22,1274.2,46.5,130.5,60.5,98.04
2019-05-23,1285.4,45.75,130.0,59.0,97.86
2019-05-24,1283.6,45.75,124.5,60.0,97.61
2019-05-25,1283.6,45.75,124.5,60.0,97.61
2019-05-26,1284.15,45.75,124.5,60.0,97.61
2019-05-27,1284.95,46.25,125.5,59.25,97.61
2019-05-28,1277.1,47.25,127.0,60.0,97.95
2019-05-29,1281.0,46.5,125.5,59.25,98.14
2019-05-30,1289.9,46.25,126.5,59.5,98.14
2019-05-31,1308.0,46.25,125.5,59.25,97.75
2019-06-01,1308.0,46.25,125.5,59.25,97.75
2019-06-02,1308.0,46.25,125.5,59.25,97.75
2019-06-03,1324.9,46.25,125.5,59.25,97.14
2019-06-04,1325.7,46.5,125.0,59.5,97.07
2019-06-05,1330.6,47.0,126.5,60.0,97.32
2019-06-06,1339.8,47.0,125.0,59.5,97.04
2019-06-07,1343.3,47.0,125.0,60.0,96.54
2019-06-08,1343.3,47.0,125.0,60.0,96.54
2019-06-09,1343.3,47.0,125.0,60.0,96.54
2019-06-10,1326.3,47.25,128.0,61.0,96.76
2019-06-11,1328.3,47.5,128.5,60.5,96.69
2019-06-12,1333.9,47.0,128.0,60.25,97.0
2019-06-13,1340.8,47.0,127.0,60.25,97.01
2019-06-14,1341.7,46.5,126.5,60.25,97.57
2019-06-15,1341.7,46.5,126.5,60.25,97.57
2019-06-16,1341.7,46.5,126.5,60.25,97.57
2019-06-17,1340.0,46.5,127.0,60.0,97.56
2019-06-18,1347.8,47.5,130.0,60.5,97.64
2019-06-19,1345.8,48.0,131.5,62.0,97.12
2019-06-20,1394.1,48.75,135.0,64.25,96.63
2019-06-21,1397.3,49.0,135.0,64.25,96.22
2019-06-22,1397.3,49.0,135.0,64.25,96.22
2019-06-23,1397.3,49.0,135.0,64.25,96.22
2019-06-24,1415.2,49.0,136.0,66.5,95.98
2019-06-25,1415.8,48.75,135.5,66.5,96.14
2019-06-26,1411.5,48.5,134.0,66.5,96.21
2019-06-27,1412.0,48.75,136.0,66.25,96.19
2019-06-28,1413.7,48.75,135.0,66.5,96.13
2019-06-29,1413.7,48.75,135.0,66.5,96.13
2019-06-30,1413.7,48.75,135.0,66.5,96.13
2019-07-01,1389.3,49.5,137.0,68.5,96.84
2019-07-02,1408.0,48.5,134.5,68.0,96.73
2019-07-03,1420.9,48.25,133.5,66.25,96.77
2019-07-04,1423.55,48.25,132.5,65.25,96.77
2019-07-05,1400.1,48.25,133.5,66.5,97.29
2019-07-06,1400.1,48.25,133.5,66.5,97.29
2019-07-07,1400.1,48.25,133.5,66.5,97.29
2019-07-08,1400.0,48.25,133.5,66.25,97.38
2019-07-09,1400.5,47.75,132.0,66.5,97.49
2019-07-10,1412.5,48.25,134.5,68.0,97.1
2019-07-11,1406.7,48.25,136.0,71.0,97.05
2019-07-12,1412.2,47.75,136.0,72.5,96.81
2019-07-13,1412.2,47.75,136.0,72.5,96.81
2019-07-14,1412.2,47.75,136.0,72.5,96.81
2019-07-15,1413.5,47.75,136.0,70.75,96.93
2019-07-16,1411.2,47.75,136.0,70.75,97.39
2019-07-17,1423.3,48.0,134.5,69.0,97.22
2019-07-18,1428.1,47.75,134.5,69.0,96.79
2019-07-19,1426.7,47.75,135.0,70.5,97.15
2019-07-20,1426.7,47.75,135.0,70.5,97.15
2019-07-21,1426.7,47.75,135.0,70.5,97.15
2019-07-22,1426.9,47.75,137.0,71.25,97.26
2019-07-23,1421.7,47.75,136.5,71.0,97.7
2019-07-24,1423.6,47.75,136.5,71.0,97.73
2019-07-25,1414.7,47.75,134.5,69.75,97.82
2019-07-26,1419.3,47.25,134.0,69.5,98.01
2019-07-27,1419.3,47.25,134.0,69.5,98.01
2019-07-28,1419.3,47.25,134.0,69.5,98.01
2019-07-29,1420.4,47.25,134.0,69.5,98.04
2019-07-30,1433.4,47.25,135.0,68.75,98.05
2019-07-31,1429.1,47.25,135.5,69.0,98.52
2019-08-01,1424.2,47.25,135.0,68.75,98.37
2019-08-02,1448.7,46.0,131.5,67.0,98.07
2019-08-03,1448.7,46.0,131.5,67.0,98.07
2019-08-04,1448.7,46.0,131.5,67.0,98.07
2019-08-05,1467.7,45.75,131.0,66.0,97.52
2019-08-06,1475.2,45.5,130.5,65.75,97.63
2019-08-07,1509.6,45.0,128.5,63.75,97.54
2019-08-08,1499.7,44.25,126.0,62.0,97.62
2019-08-09,1498.6,44.25,124.0,63.75,97.49
2019-08-10,1498.6,44.25,124.0,63.75,97.49
2019-08-11,1498.6,44.25,124.0,63.75,97.49
2019-08-12,1507.7,44.25,124.0,63.75,97.38
2019-08-13,1504.3,43.0,124.0,64.25,97.81
2019-08-14,1518.5,43.25,125.0,65.5,97.99
2019-08-15,1521.7,42.25,123.0,64.0,98.14
2019-08-16,1514.1,42.75,125.5,64.5,98.14
2019-08-17,1514.1,42.75,125.5,64.5,98.14
2019-08-18,1514.1,42.75,125.5,64.5,98.14
2019-08-19,1502.1,43.25,123.5,65.25,98.35
2019-08-20,1506.3,42.75,121.5,64.25,98.19
2019-08-21,1506.1,43.0,122.0,65.0,98.3
2019-08-22,1498.7,42.25,121.0,64.75,98.17
2019-08-23,1527.9,42.5,121.5,65.5,97.64
2019-08-24,1527.9,42.5,121.5,65.5,97.64
2019-08-25,1527.9,42.5,121.5,65.5,97.64
2019-08-26,1527.2,41.0,115.0,62.5,98.08
2019-08-27,1541.4,40.75,114.5,61.0,98.0
2019-08-28,1538.8,41.0,116.0,62.25,98.21
2019-08-29,1530.5,43.25,121.0,68.0,98.51
2019-08-30,1523.0,44.25,124.5,67.75,98.92
2019-08-31,1523.0,44.25,124.5,67.75,98.92
2019-09-01,1538.05,44.25,124.5,67.75,98.92
2019-09-02,1535.15,43.5,122.0,66.75,98.92
2019-09-03,1549.6,42.75,119.0,66.5,99.0
2019-09-04,1554.0,43.5,118.0,68.25,98.45
2019-09-05,1519.0,44.25,122.0,69.75,98.41
2019-09-06,1509.0,44.5,124.0,69.0,98.39
2019-09-07,1509.0,44.5,124.0,69.0,98.39
2019-09-08,1509.0,44.5,124.0,69.0,98.39
2019-09-09,1504.5,45.0,124.0,68.75,98.28
2019-09-10,1492.7,45.5,124.5,69.75,98.33
2019-09-11,1496.6,45.75,123.5,71.0,98.64
2019-09-12,1500.8,45.5,121.0,70.0,98.31
2019-09-13,1492.9,45.5,122.5,70.75,98.26
2019-09-14,1492.9,45.5,122.5,70.75,98.26
2019-09-15,1492.9,45.5,122.5,70.75,98.26
2019-09-16,1504.8,47.0,125.0,71.0,98.61
2019-09-17,1506.9,47.25,130.0,72.0,98.26
2019-09-18,1509.1,45.75,124.0,70.25,98.56
2019-09-19,1499.5,45.25,123.5,68.25,98.27
2019-09-20,1508.0,45.5,123.5,68.5,98.51
2019-09-21,1508.0,45.5,123.5,68.5,98.51
2019-09-22,1508.0,45.5,123.5,68.5,98.51
2019-09-23,1524.0,45.75,124.5,69.5,98.6
2019-09-24,1532.6,46.25,125.0,70.25,98.34
2019-09-25,1505.1,46.0,123.0,69.75,99.04
2019-09-26,1507.9,46.0,123.5,69.25,99.13
2019-09-27,1502.7,46.0,123.5,70.0,99.11
2019-09-28,1502.7,46.0,123.5,70.0,99.11
2019-09-29,1502.7,46.0,123.5,70.0,99.11
2019-09-30,1469.2,46.25,121.0,69.75,99.38
2019-10-01,1485.2,45.75,119.5,68.25,99.13
2019-10-02,1504.1,45.75,120.0,68.0,99.02
2019-10-03,1510.1,45.5,119.0,67.5,98.86
2019-10-04,1509.2,45.75,116.5,67.5,98.81
2019-10-05,1509.2,45.75,116.5,67.5,98.81
2019-10-06,1509.2,45.75,116.5,67.5,98.81
2019-10-07,1500.7,46.0,117.5,68.75,98.97
2019-10-08,1500.1,45.75,118.0,68.75,99.13
2019-10-09,1508.9,45.75,117.0,69.5,99.12
2019-10-10,1497.0,44.5,118.0,69.25,98.7
2019-10-11,1484.7,45.25,122.5,70.0,98.3
2019-10-12,1484.7,45.25,122.5,70.0,98.3
2019-10-13,1484.7,45.25,122.5,70.0,98.3
2019-10-14,1493.8,45.25,122.5,70.0,98.45
2019-10-15,1479.7,45.0,119.5,70.0,98.29
2019-10-16,1490.2,45.0,119.0,68.75,98.0
2019-10-17,1494.2,44.25,117.0,67.5,97.61
2019-10-18,1490.0,44.5,117.5,67.5,97.28
2019-10-19,1490.0,44.5,117.5,67.5,97.28
2019-10-20,1490.0,44.5,117.5,67.5,97.28
2019-10-21,1484.2,44.25,116.5,66.75,97.33
2019-10-22,1483.6,44.75,117.0,67.5,97.53
2019-10-23,1491.8,44.75,117.0,67.5,97.49
2019-10-24,1501.0,44.75,118.5,66.75,97.63
2019-10-25,1501.7,44.5,117.5,63.75,97.83
2019-10-26,1501.7,44.5,117.5,63.75,97.83
2019-10-27,1501.7,44.5,117.5,63.75,97.83
2019-10-28,1492.4,44.5,118.0,63.75,97.76
2019-10-29,1487.4,44.5,118.5,65.0,97.69
2019-10-30,1496.7,45.5,122.5,67.5,97.65
2019-10-31,1514.8,45.25,120.5,68.5,97.35
2019-11-01,1511.4,45.25,120.0,68.0,97.24
2019-11-02,1511.4,45.25,120.0,68.0,97.24
2019-11-03,1511.4,45.25,120.0,68.0,97.24
2019-11-04,1511.1,45.5,123.0,69.5,97.5
2019-11-05,1483.7,45.75,124.5,68.5,97.98
2019-11-06,1493.1,45.5,123.5,68.5,97.95
2019-11-07,1466.4,46.0,125.0,72.0,98.14
2019-11-08,1462.9,45.5,124.5,72.75,98.35
2019-11-09,1462.9,45.5,124.5,72.75,98.35
2019-11-10,1462.9,45.5,124.5,72.75,98.35
2019-11-11,1457.1,45.25,123.0,70.25,98.2
2019-11-12,1453.7,45.25,123.5,70.0,98.31
2019-11-13,1463.3,45.25,122.5,69.5,98.37
2019-11-14,1473.4,44.75,122.0,68.5,98.16
2019-11-15,1468.5,44.75,120.5,66.5,98.0
2019-11-16,1468.5,44.75,120.5,66.5,98.0
2019-11-17,1468.5,44.75,120.5,66.5,98.0
2019-11-18,1471.9,44.5,121.5,68.5,97.79
2019-11-19,1474.3,43.75,120.0,68.0,97.86
2019-11-20,1474.2,43.0,118.0,67.25,97.93
2019-11-21,1463.6,43.25,117.0,67.0,97.99
2019-11-22,1463.6,43.25,119.0,67.75,98.27
2019-11-23,1463.6,43.25,119.0,67.75,98.27
2019-11-24,1463.6,43.25,119.0,67.75,98.27
2019-11-25,1456.9,43.5,119.5,69.5,98.32
2019-11-26,1460.3,43.25,118.0,70.5,98.25
2019-11-27,1457.9,43.5,120.5,69.5,98.37
2019-11-28,1462.25,43.5,120.0,69.0,98.37
2019-11-29,1470.0,43.25,120.0,69.0,98.27
2019-11-30,1470.0,43.25,120.0,69.0,98.27
2019-12-01,1470.0,43.25,120.0,69.0,98.27
2019-12-02,1466.4,42.5,119.0,68.25,97.86
2019-12-03,1481.6,41.75,118.0,68.5,97.74
2019-12-04,1477.5,42.25,117.0,68.0,97.65
2019-12-05,1480.3,42.25,117.0,68.0,97.41
2019-12-06,1462.5,42.0,116.5,66.75,97.7
2019-12-07,1462.5,42.0,116.5,66.75,97.7
2019-12-08,1462.5,42.0,116.5,66.75,97.7
2019-12-09,1462.8,42.25,118.5,66.75,97.64
2019-12-10,1465.9,42.25,118.5,66.75,97.41
2019-12-11,1472.7,42.0,118.0,64.5,97.08
2019-12-12,1469.8,42.75,119.5,65.0,97.4
2019-12-13,1478.6,44.0,123.5,67.5,97.17
2019-12-14,1478.6,44.0,123.5,67.5,97.17
2019-12-15,1478.6,44.0,123.5,67.5,97.17
2019-12-16,1477.9,43.5,122.5,68.0,97.02
2019-12-17,1477.0,43.75,123.0,67.5,97.22
2019-12-18,1474.7,44.75,124.5,69.0,97.4
2019-12-19,1480.2,44.25,124.5,68.25,97.38
2019-12-20,1477.0,44.5,125.0,68.0,97.69
2019-12-21,1477.0,44.5,125.0,68.0,97.69
2019-12-22,1477.0,44.5,125.0,68.0,97.69
2019-12-23,1484.3,44.75,126.0,70.0,97.66
2019-12-24,1500.6,44.25,124.0,69.5,97.65
2019-12-25,1504.05,44.25,124.5,69.5,97.65
2019-12-26,1510.7,44.5,125.0,70.0,97.53
2019-12-27,1514.3,44.25,124.5,69.75,96.92
2019-12-28,1514.3,44.25,124.5,69.75,96.92
2019-12-29,1514.3,44.25,124.5,69.75,96.92
2019-12-30,1518.6,44.0,124.5,69.75,96.74
2019-12-31,1523.1,44.0,124.5,69.75,96.39
2020-01-01,1520.95,44.0,124.5,69.75,96.39
2020-01-02,1528.1,45.5,127.5,71.0,96.85
2020-01-03,1552.4,46.5,130.0,72.0,96.84
2020-01-04,1552.4,46.5,130.0,72.0,96.84
2020-01-05,1552.4,46.5,130.0,72.0,96.84
2020-01-06,1568.8,47.0,133.5,70.0,96.67
2020-01-07,1574.3,47.25,133.0,70.0,97.0
2020-01-08,1560.2,46.75,134.0,67.25,97.3
2020-01-09,1554.3,47.0,133.0,67.5,97.45
2020-01-10,1560.1,46.5,131.5,66.5,97.36
2020-01-11,1560.1,46.5,131.5,66.5,97.36
2020-01-12,1560.1,46.5,131.5,66.5,97.36
2020-01-13,1550.6,46.5,131.5,64.25,97.34
2020-01-14,1544.6,46.0,132.0,61.25,97.37
2020-01-15,1554.0,45.5,131.0,61.75,97.23
2020-01-16,1550.5,46.0,131.5,61.75,97.32
2020-01-17,1560.3,46.0,132.0,62.5,97.64
2020-01-18,1560.3,46.0,132.0,62.5,97.64
2020-01-19,1557.05,46.0,132.0,62.5,97.64
2020-01-20,1561.25,46.25,132.0,61.5,97.61
2020-01-21,1557.9,46.5,131.5,60.75,97.53
2020-01-22,1556.7,46.25,131.0,58.0,97.53
2020-01-23,1565.4,45.75,129.0,54.5,97.69
2020-01-24,1571.9,45.25,128.5,53.0,97.85
2020-01-25,1571.9,45.25,128.5,53.0,97.85
2020-01-26,1571.9,45.25,128.5,53.0,97.85
2020-01-27,1577.4,43.5,122.5,48.5,97.96
2020-01-28,1569.8,43.75,124.0,51.25,98.02
2020-01-29,1570.4,43.5,126.5,53.25,97.99
2020-01-30,1586.5,43.5,126.0,52.25,97.87
2020-01-31,1584.9,43.25,124.5,52.0,97.39
2020-02-01,1584.9,43.25,124.5,52.0,97.39
2020-02-02,1584.9,43.25,124.5,52.0,97.39
2020-02-03,1579.5,42.75,125.0,51.25,97.8
2020-02-04,1552.7,43.0,124.5,54.0,97.96
2020-02-05,1560.1,43.25,124.5,55.25,98.3
2020-02-06,1567.2,43.75,125.5,55.75,98.5
2020-02-07,1570.6,43.5,124.5,55.25,98.68
2020-02-08,1570.6,43.5,124.5,55.25,98.68
2020-02-09,1570.6,43.5,124.5,55.25,98.68
2020-02-10,1576.6,43.5,124.5,55.25,98.83
2020-02-11,1567.2,43.0,125.5,52.75,98.72
2020-02-12,1568.8,43.25,127.5,54.25,99.05
2020-02-13,1576.3,43.0,124.0,54.25,99.07
2020-02-14,1583.8,43.0,124.0,53.25,99.12
2020-02-15,1583.8,43.0,124.0,53.25,99.12
2020-02-16,1586.25,43.0,124.0,53.25,99.12
2020-02-17,1587.05,43.0,124.0,53.5,99.0
2020-02-18,1601.0,42.75,123.5,52.0,99.44
2020-02-19,1608.8,44.0,125.0,52.25,99.71
2020-02-20,1617.4,44.75,126.0,51.75,99.86
2020-02-21,1645.1,44.5,125.5,51.5,99.26
2020-02-22,1645.1,44.5,125.5,51.5,99.26
2020-02-23,1645.1,44.5,125.5,51.5,99.26
2020-02-24,1673.5,42.75,120.0,47.0,99.36
2020-02-25,1647.0,42.5,119.0,47.5,98.97
2020-02-26,1640.4,41.5,113.5,45.0,99.0
2020-02-27,1642.5,41.75,115.0,44.75,98.51
2020-02-28,1566.7,39.0,106.0,43.25,98.13
2020-02-29,1566.7,39.0,106.0,43.25,98.13
2020-03-01,1566.7,39.0,106.0,43.25,98.13
2020-03-02,1594.8,39.25,107.0,41.25,97.36
2020-03-03,1644.4,40.75,112.0,45.25,97.15
2020-03-04,1643.0,39.5,110.0,45.25,97.34
2020-03-05,1668.0,39.0,109.5,44.75,96.82
2020-03-06,1672.4,37.5,106.5,41.75,95.95
2020-03-07,1672.4,37.5,106.5,41.75,95.95
2020-03-08,1672.4,37.5,106.5,41.75,95.95
2020-03-09,1675.7,28.0,74.75,32.75,94.89
2020-03-10,1660.3,28.5,70.5,35.0,96.41
2020-03-11,1642.3,29.25,72.25,36.75,96.51
2020-03-12,1590.3,26.5,60.0,32.75,97.47
2020-03-13,1516.7,28.0,66.25,35.25,98.75
2020-03-14,1516.7,28.0,66.25,35.25,98.75
2020-03-15,1516.7,28.0,66.25,35.25,98.75
2020-03-16,1486.5,26.25,58.25,30.5,98.07
2020-03-17,1525.8,26.0,58.0,28.75,99.57
2020-03-18,1477.9,26.5,57.0,28.25,101.16
2020-03-19,1479.3,25.75,55.0,27.5,102.75
2020-03-20,1484.6,29.5,63.25,30.25,102.82
2020-03-21,1484.6,29.5,63.25,30.25,102.82
2020-03-22,1484.6,29.5,63.25,30.25,102.82
2020-03-23,1567.6,27.25,55.5,27.0,102.49
2020-03-24,1660.8,29.0,59.25,28.25,102.04
2020-03-25,1633.4,31.25,66.25,30.5,101.05
2020-03-26,1651.2,31.25,67.25,30.25,99.35
2020-03-27,1625.0,30.0,64.5,29.75,98.36
2020-03-28,1625.0,30.0,64.5,29.75,98.36
2020-03-29,1625.0,30.0,64.5,29.75,98.36
2020-03-30,1637.1,29.0,63.0,29.0,99.18
2020-03-31,1589.3,30.75,67.5,30.75,99.05
2020-04-01,1584.1,30.25,67.0,31.0,99.67
2020-04-02,1630.7,33.75,75.25,35.5,100.18
2020-04-03,1637.6,35.5,79.0,36.75,100.58
2020-04-04,1637.6,35.5,79.0,36.75,100.58
2020-04-05,1637.6,35.5,79.0,36.75,100.58
2020-04-06,1684.0,35.5,79.0,36.75,100.68
2020-04-07,1672.6,38.25,86.75,39.0,99.9
2020-04-08,1674.1,36.0,82.75,36.5,100.12
2020-04-09,1739.9,35.75,79.75,35.5,99.52
2020-04-10,1740.6,36.0,79.75,34.75,99.52
2020-04-11,1740.6,36.0,79.75,34.75,99.52
2020-04-12,1740.6,36.0,79.75,34.75,99.52
2020-04-13,1749.8,35.75,79.5,35.0,99.35
2020-04-14,1759.1,36.0,80.5,38.25,98.89
2020-04-15,1729.6,35.5,78.25,39.0,99.46
2020-04-16,1722.7,33.25,74.0,36.75,100.03
2020-04-17,1690.8,34.25,76.5,38.0,99.78
2020-04-18,1690.8,34.25,76.5,38.0,99.78
2020-04-19,1690.8,34.25,76.5,38.0,99.78
2020-04-20,1703.4,35.25,79.0,38.75,99.96
2020-04-21,1678.3,34.0,76.25,39.25,100.26
2020-04-22,1727.4,33.25,74.75,40.25,100.39
2020-04-23,1733.4,33.75,76.0,41.0,100.43
2020-04-24,1724.2,34.0,76.25,39.5,100.38
2020-04-25,1724.2,34.0,76.25,39.5,100.38
2020-04-26,1724.2,34.0,76.25,39.5,100.38
2020-04-27,1712.6,34.0,77.0,38.75,100.04
2020-04-28,1710.6,33.5,77.0,38.5,99.86
2020-04-29,1713.4,34.0,78.25,39.25,99.57
2020-04-30,1694.2,35.5,84.5,41.0,99.02
2020-05-01,1700.9,35.5,84.5,41.0,99.08
2020-05-02,1700.9,35.5,84.5,41.0,99.08
2020-05-03,1700.9,35.5,84.5,41.0,99.08
2020-05-04,1713.3,35.5,84.5,41.0,99.48
2020-05-05,1710.6,35.0,84.0,40.5,99.71
2020-05-06,1688.5,35.0,84.0,40.5,100.09
2020-05-07,1725.8,34.25,82.5,40.75,99.89
2020-05-08,1713.9,35.25,83.0,43.25,99.73
2020-05-09,1713.9,35.25,83.0,43.25,99.73
2020-05-10,1713.9,35.25,83.0,43.25,99.73
2020-05-11,1698.0,35.5,83.0,43.25,100.24
2020-05-12,1706.8,36.25,84.0,43.75,99.93
2020-05-13,1716.4,36.0,83.5,42.25,100.24
2020-05-14,1740.9,35.5,81.75,41.25,100.47
2020-05-15,1756.3,35.5,83.5,43.0,100.4
2020-05-16,1756.3,35.5,83.5,43.0,100.4
2020-05-17,1756.3,35.5,83.5,43.0,100.4
2020-05-18,1734.4,36.0,85.5,44.0,99.67
2020-05-19,1745.6,36.5,88.0,46.25,99.37
2020-05-20,1752.1,36.75,88.5,46.5,99.12
2020-05-21,1721.9,37.0,89.0,47.25,99.37
2020-05-22,1735.5,35.75,84.5,45.0,99.86
2020-05-23,1735.5,35.75,84.5,45.0,99.86
2020-05-24,1730.65,35.75,84.5,45.0,99.86
2020-05-25,1727.0,36.25,85.5,45.25,99.86
2020-05-26,1705.6,36.75,87.0,45.25,98.91
2020-05-27,1710.7,36.5,86.5,45.25,99.06
2020-05-28,1719.8,35.5,84.25,43.75,98.38
2020-05-29,1742.9,35.5,84.0,43.0,98.34
2020-05-30,1742.9,35.5,84.0,43.0,98.34
2020-05-31,1742.9,35.5,84.0,43.0,98.34
2020-06-01,1743.3,36.0,86.75,44.5,97.83
2020-06-02,1728.9,37.0,89.0,46.75,97.67
2020-06-03,1701.0,37.0,89.0,46.75,97.28
2020-06-04,1721.8,38.0,92.75,47.25,96.68
2020-06-05,1678.5,39.5,98.75,50.5,96.94
2020-06-06,1678.5,39.5,98.75,50.5,96.94
2020-06-07,1678.5,39.5,98.75,50.5,96.94
2020-06-08,1699.9,40.75,101.5,49.0,96.62
2020-06-09,1717.0,39.0,95.5,46.5,96.32
2020-06-10,1715.5,39.25,96.25,47.25,95.96
2020-06-11,1734.7,38.5,93.5,46.0,96.73
2020-06-12,1732.0,37.25,91.0,44.5,97.32
2020-06-13,1732.0,37.25,91.0,44.5,97.32
2020-06-14,1732.0,37.25,91.0,44.5,97.32
2020-06-15,1721.8,36.5,87.0,41.75,96.71
2020-06-16,1731.5,38.0,94.0,43.75,96.96
2020-06-17,1730.3,38.0,93.75,45.0,97.16
2020-06-18,1726.0,37.75,94.0,45.75,97.42
2020-06-19,1747.1,38.25,95.5,46.25,97.62
2020-06-20,1747.1,38.25,95.5,46.25,97.62
2020-06-21,1747.1,38.25,95.5,46.25,97.62
2020-06-22,1758.4,38.5,95.75,45.75,97.04
2020-06-23,1774.1,38.75,96.25,45.75,96.65
2020-06-24,1768.1,37.5,92.75,43.75,97.15
2020-06-25,1763.1,37.25,91.25,43.25,97.43
2020-06-26,1773.3,37.0,92.5,42.75,97.43
2020-06-27,1773.3,37.0,92.5,42.75,97.43
2020-06-28,1773.3,37.0,92.5,42.75,97.43
2020-06-29,1781.2,37.25,91.25,42.75,97.54
2020-06-30,1800.5,37.75,91.75,44.25,97.39
2020-07-01,1779.9,38.5,95.5,45.75,97.2
2020-07-02,1790.0,39.0,95.75,46.75,97.32
2020-07-03,1787.6,39.25,95.25,46.5,97.17
2020-07-04,1787.6,39.25,95.25,46.5,97.17
2020-07-05,1787.6,39.25,95.25,46.5,97.17
2020-07-06,1793.5,39.25,95.25,46.5,96.72
2020-07-07,1809.9,40.25,95.5,47.0,96.88
2020-07-08,1820.6,39.5,92.75,44.5,96.43
2020-07-09,1803.8,39.25,92.5,43.25,96.7
2020-07-10,1801.9,38.25,91.0,42.75,96.65
2020-07-11,1801.9,38.25,91.0,42.75,96.65
2020-07-12,1801.9,38.25,91.0,42.75,96.65
2020-07-13,1814.1,37.5,91.75,42.0,96.46
2020-07-14,1813.4,38.0,92.5,42.25,96.26
2020-07-15,1813.8,38.75,95.25,43.25,96.08
2020-07-16,1800.3,38.25,93.5,42.5,96.35
2020-07-17,1810.0,38.75,94.0,43.0,95.94
2020-07-18,1810.0,38.75,94.0,43.0,95.94
2020-07-19,1810.0,38.75,94.0,43.0,95.94
2020-07-20,1817.4,38.5,93.75,43.5,95.83
2020-07-21,1843.9,40.25,96.5,45.0,95.12
2020-07-22,1865.1,39.5,94.0,43.25,94.99
2020-07-23,1890.0,39.75,95.75,44.25,94.69
2020-07-24,1897.5,38.5,93.25,43.25,94.43
2020-07-25,1897.5,38.5,93.25,43.25,94.43
2020-07-26,1897.5,38.5,93.25,43.25,94.43
2020-07-27,1931.0,38.5,93.25,43.25,93.67
2020-07-28,1944.6,38.5,93.25,43.25,93.7
2020-07-29,1953.4,38.5,91.75,43.0,93.45
2020-07-30,1949.5,38.0,90.0,41.0,93.02
2020-07-31,1968.0,39.0,91.0,42.0,93.35
2020-08-01,1968.0,39.0,91.0,42.0,93.35
2020-08-02,1968.0,39.0,91.0,42.0,93.35
2020-08-03,1969.5,38.5,89.0,41.5,93.54
2020-08-04,2004.2,38.0,89.5,41.5,93.38
2020-08-05,2032.9,39.0,94.25,44.5,92.87
2020-08-06,2054.6,38.75,93.0,44.25,92.79
2020-08-07,2014.3,38.25,94.0,43.75,93.43
2020-08-08,2014.3,38.25,94.0,43.75,93.43
2020-08-09,2014.3,38.25,94.0,43.75,93.43
2020-08-10,2027.3,37.75,94.25,42.75,93.58
2020-08-11,1935.7,37.5,95.25,41.75,93.63
2020-08-12,1937.5,37.5,95.25,41.75,93.44
2020-08-13,1959.3,38.25,94.75,43.0,93.33
2020-08-14,1938.8,37.75,92.0,42.25,93.1
2020-08-15,1938.8,37.75,92.0,42.25,93.1
2020-08-16,1938.8,37.75,92.0,42.25,93.1
2020-08-17,1987.1,38.0,92.0,42.25,92.85
2020-08-18,2001.6,38.0,93.25,42.75,92.27
2020-08-19,1960.5,37.25,92.0,42.0,92.89
2020-08-20,1935.4,36.25,90.0,42.25,92.79
2020-08-21,1936.0,36.5,88.75,41.25,93.25
2020-08-22,1936.0,36.5,88.75,41.25,93.25
2020-08-23,1936.0,36.5,88.75,41.25,93.25
2020-08-24,1928.6,36.75,90.5,42.0,93.3
2020-08-25,1912.5,37.25,91.25,42.75,93.02
2020-08-26,1941.7,37.0,91.25,43.0,93.01
2020-08-27,1922.3,37.25,91.25,43.0,93.0
2020-08-28,1966.8,36.75,89.5,42.5,92.37
2020-08-29,1966.8,36.75,89.5,42.5,92.37
2020-08-30,1966.8,36.75,89.5,42.5,92.37
2020-08-31,1970.5,36.0,89.0,41.5,92.14
2020-09-01,1970.8,36.25,88.5,40.0,92.34
2020-09-02,1936.9,36.5,89.75,40.0,92.85
2020-09-03,1930.2,36.0,88.0,39.25,92.74
2020-09-04,1926.2,36.0,88.0,39.25,92.72
2020-09-05,1926.2,36.0,88.0,39.25,92.72
2020-09-06,1940.65,36.0,88.0,39.25,92.72
2020-09-07,1937.1,36.0,88.0,39.25,92.72
2020-09-08,1935.1,35.0,85.5,37.75,93.44
2020-09-09,1946.8,35.25,83.25,38.75,93.25
2020-09-10,1956.0,35.25,83.25,38.25,93.34
2020-09-11,1939.5,35.0,82.0,38.0,93.33
2020-09-12,1939.5,35.0,82.0,38.0,93.33
2020-09-13,1939.5,35.0,82.0,38.0,93.33
2020-09-14,1954.7,35.0,82.75,37.5,93.05
2020-09-15,1958.0,35.25,85.75,38.25,93.05
2020-09-16,1962.0,35.25,87.25,39.0,93.21
2020-09-17,1941.3,35.75,87.25,38.25,92.97
2020-09-18,1953.2,35.25,87.75,38.75,92.93
2020-09-19,1953.2,35.25,87.75,38.75,92.93
2020-09-20,1953.2,35.25,87.75,38.75,92.93
2020-09-21,1902.1,35.0,85.5,37.5,93.66
2020-09-22,1899.3,34.25,84.75,35.75,93.99
2020-09-23,1860.5,33.5,82.5,34.75,94.39
2020-09-24,1868.9,32.5,80.5,33.0,94.35
2020-09-25,1857.8,32.5,78.75,32.25,94.64
2020-09-26,1857.8,32.5,78.75,32.25,94.64
2020-09-27,1857.8,32.5,78.75,32.25,94.64
2020-09-28,1872.8,33.5,81.75,33.0,94.28
2020-09-29,1898.7,33.25,80.5,32.25,93.89
2020-09-30,1891.3,32.0,79.0,32.0,93.89
2020-10-01,1912.3,33.0,79.5,33.5,93.71
2020-10-02,1903.8,32.25,75.0,32.25,93.84
2020-10-03,1903.8,32.25,75.0,32.25,93.84
2020-10-04,1903.8,32.25,75.0,32.25,93.84
2020-10-05,1916.1,32.25,76.75,33.0,93.51
2020-10-06,1904.8,33.0,82.25,35.75,93.69
2020-10-07,1886.8,33.0,81.0,35.5,93.63
2020-10-08,1891.0,33.0,82.25,36.5,93.61
2020-10-09,1921.9,33.25,83.5,35.5,93.06
2020-10-10,1921.9,33.25,83.5,35.5,93.06
2020-10-11,1921.9,33.25,83.5,35.5,93.06
2020-10-12,1924.3,34.25,82.25,36.5,93.07
2020-10-13,1890.2,34.25,82.25,36.5,93.53
2020-10-14,1903.1,33.25,80.75,36.0,93.38
2020-10-15,1904.9,33.0,80.5,36.0,93.86
2020-10-16,1902.4,32.75,80.25,35.5,93.68
2020-10-17,1902.4,32.75,80.25,35.5,93.68
2020-10-18,1902.4,32.75,80.25,35.5,93.68
2020-10-19,1907.7,32.5,78.25,34.5,93.43
2020-10-20,1911.6,32.25,77.75,34.75,93.07
2020-10-21,1925.7,32.25,80.0,35.25,92.61
2020-10-22,1901.6,32.25,81.5,36.25,92.95
2020-10-23,1902.3,32.25,81.5,36.25,92.77
2020-10-24,1902.3,32.25,81.5,36.25,92.77
2020-10-25,1902.3,32.25,81.5,36.25,92.77
2020-10-26,1903.1,32.25,79.75,35.5,93.04
2020-10-27,1909.2,32.0,79.5,34.25,92.94
2020-10-28,1876.5,31.5,78.5,33.75,93.4
2020-10-29,1868.0,31.0,79.0,34.5,93.96
2020-10-30,1879.9,31.0,78.75,34.25,94.04
2020-10-31,1879.9,31.0,78.75,34.25,94.04
2020-11-01,1879.9,31.0,78.75,34.25,94.04
2020-11-02,1892.5,31.0,78.0,34.25,94.13
2020-11-03,1910.4,32.75,80.75,35.75,93.55
2020-11-04,1896.2,32.5,81.5,35.5,93.41
2020-11-05,1946.8,34.0,82.75,36.75,92.53
2020-11-06,1951.7,34.0,82.75,37.0,92.23
2020-11-07,1951.7,34.0,82.75,37.0,92.23
2020-11-08,1951.7,34.0,82.75,37.0,92.23
2020-11-09,1854.4,34.75,84.0,38.5,92.72
2020-11-10,1876.4,38.25,90.75,45.0,92.75
2020-11-11,1861.6,38.25,91.5,45.25,93.04
2020-11-12,1873.3,37.25,90.5,44.25,92.96
2020-11-13,1886.2,37.5,90.25,44.75,92.75
2020-11-14,1886.2,37.5,90.25,44.75,92.75
2020-11-15,1886.2,37.5,90.25,44.75,92.75
2020-11-16,1887.8,37.5,91.5,46.5,92.64
2020-11-17,1885.1,37.5,91.25,46.75,92.42
2020-11-18,1873.9,38.0,93.0,47.5,92.32
2020-11-19,1861.5,37.75,92.25,48.5,92.29
2020-11-20,1872.4,38.25,93.75,48.75,92.39
2020-11-21,1872.4,38.25,93.75,48.75,92.39
2020-11-22,1872.4,38.25,93.75,48.75,92.39
2020-11-23,1837.8,40.5,98.5,49.5,92.5
2020-11-24,1804.6,40.0,96.75,48.75,92.23
2020-11-25,1805.5,41.5,101.0,50.75,91.99
2020-11-26,1807.0,42.0,101.5,51.25,91.99
2020-11-27,1784.8,41.75,100.5,49.75,91.79
2020-11-28,1784.8,41.75,100.5,49.75,91.79
2020-11-29,1784.8,41.75,100.5,49.75,91.79
2020-11-30,1778.0,40.0,96.75,47.5,91.87
2020-12-01,1816.6,41.0,98.5,49.5,91.31
2020-12-02,1827.6,41.0,98.5,49.75,91.12
2020-12-03,1838.4,42.25,99.0,51.75,90.71
2020-12-04,1837.5,43.0,101.5,52.0,90.7
2020-12-05,1837.5,43.0,101.5,52.0,90.7
2020-12-06,1837.5,43.0,101.5,52.0,90.7
2020-12-07,1863.3,43.0,101.5,52.0,90.79
2020-12-08,1872.3,43.25,104.5,53.25,90.96
2020-12-09,1836.1,43.0,103.0,55.5,91.09
2020-12-10,1835.2,43.0,103.0,55.5,90.82
2020-12-11,1841.4,43.0,103.0,55.5,90.98
2020-12-12,1841.4,43.0,103.0,55.5,90.98
2020-12-13,1841.4,43.0,103.0,55.5,90.98
2020-12-14,1829.8,42.25,102.0,54.25,90.71
2020-12-15,1853.2,42.75,102.0,54.25,90.47
2020-12-16,1857.0,42.5,102.5,54.0,90.45
2020-12-17,1887.9,42.25,102.0,54.25,89.82
2020-12-18,1886.5,42.75,100.5,54.75,90.02
2020-12-19,1886.5,42.75,100.5,54.75,90.02
2020-12-20,1886.5,42.75,100.5,54.75,90.02
2020-12-21,1880.3,40.5,96.0,52.5,90.04
2020-12-22,1867.7,41.25,97.5,53.0,90.65
2020-12-23,1875.6,40.25,95.25,51.5,90.41
2020-12-24,1880.7,41.25,95.75,52.25,90.32
2020-12-25,1880.7,42.0,96.5,54.0,90.32
2020-12-26,1880.7,42.0,96.5,54.0,90.32
2020-12-27,1880.7,42.0,96.5,54.0,90.32
2020-12-28,1877.9,41.0,95.0,51.25,90.34
2020-12-29,1880.5,42.5,97.75,53.25,89.99
2020-12-30,1893.4,42.5,98.25,52.0,89.68
